brand,device_model,storage,condition,offer_gbp
Apple,iPhone 11,64GB,Brand New,75
Apple,iPhone 11,64GB,Excellent,75
Apple,iPhone 11,64GB,Good,60
Apple,iPhone 11,64GB,Damaged,30
Apple,iPhone 11,128GB,Brand New,85
Apple,iPhone 11,128GB,Excellent,85
Apple,iPhone 11,128GB,Good,65
Apple,iPhone 11,128GB,Damaged,35
Apple,iPhone 11,256GB,Brand New,105
Apple,iPhone 11,256GB,Excellent,100
Apple,iPhone 11,256GB,Good,80
Apple,iPhone 11,256GB,Damaged,40
Apple,iPhone 11 Pro,64GB,Brand New,100
Apple,iPhone 11 Pro,64GB,Excellent,95
Apple,iPhone 11 Pro,64GB,Good,75
Apple,iPhone 11 Pro,64GB,Damaged,40
Apple,iPhone 11 Pro,256GB,Brand New,120
Apple,iPhone 11 Pro,256GB,Excellent,115
Apple,iPhone 11 Pro,256GB,Good,90
Apple,iPhone 11 Pro,256GB,Damaged,45
Apple,iPhone 11 Pro,512GB,Brand New,135
Apple,iPhone 11 Pro,512GB,Excellent,130
Apple,iPhone 11 Pro,512GB,Good,105
Apple,iPhone 11 Pro,512GB,Damaged,55
Apple,iPhone 11 Pro Max,64GB,Brand New,125
Apple,iPhone 11 Pro Max,64GB,Excellent,120
Apple,iPhone 11 Pro Max,64GB,Good,95
Apple,iPhone 11 Pro Max,64GB,Damaged,50
Apple,iPhone 11 Pro Max,256GB,Brand New,140
Apple,iPhone 11 Pro Max,256GB,Excellent,135
Apple,iPhone 11 Pro Max,256GB,Good,110
Apple,iPhone 11 Pro Max,256GB,Damaged,55
Apple,iPhone 11 Pro Max,512GB,Brand New,145
Apple,iPhone 11 Pro Max,512GB,Excellent,145
Apple,iPhone 11 Pro Max,512GB,Good,115
Apple,iPhone 11 Pro Max,512GB,Damaged,60
Apple,iPhone 12,64GB,Brand New,115
Apple,iPhone 12,64GB,Excellent,110
Apple,iPhone 12,64GB,Good,85
Apple,iPhone 12,64GB,Damaged,45
Apple,iPhone 12,128GB,Brand New,135
Apple,iPhone 12,128GB,Excellent,130
Apple,iPhone 12,128GB,Good,105
Apple,iPhone 12,128GB,Damaged,55
Apple,iPhone 12,256GB,Brand New,155
Apple,iPhone 12,256GB,Excellent,150
Apple,iPhone 12,256GB,Good,125
Apple,iPhone 12,256GB,Damaged,65
Apple,iPhone 12 mini,64GB,Brand New,85
Apple,iPhone 12 mini,64GB,Excellent,85
Apple,iPhone 12 mini,64GB,Good,65
Apple,iPhone 12 mini,64GB,Damaged,35
Apple,iPhone 12 mini,128GB,Brand New,100
Apple,iPhone 12 mini,128GB,Excellent,95
Apple,iPhone 12 mini,128GB,Good,75
Apple,iPhone 12 mini,128GB,Damaged,40
Apple,iPhone 12 mini,256GB,Brand New,110
Apple,iPhone 12 mini,256GB,Excellent,105
Apple,iPhone 12 mini,256GB,Good,85
Apple,iPhone 12 mini,256GB,Damaged,40
Apple,iPhone 12 Pro,128GB,Brand New,150
Apple,iPhone 12 Pro,128GB,Excellent,145
Apple,iPhone 12 Pro,128GB,Good,120
Apple,iPhone 12 Pro,128GB,Damaged,65
Apple,iPhone 12 Pro,256GB,Brand New,170
Apple,iPhone 12 Pro,256GB,Excellent,160
Apple,iPhone 12 Pro,256GB,Good,135
Apple,iPhone 12 Pro,256GB,Damaged,70
Apple,iPhone 12 Pro,512GB,Brand New,190
Apple,iPhone 12 Pro,512GB,Excellent,180
Apple,iPhone 12 Pro,512GB,Good,145
Apple,iPhone 12 Pro,512GB,Damaged,75
Apple,iPhone 12 Pro Max,128GB,Brand New,200
Apple,iPhone 12 Pro Max,128GB,Excellent,190
Apple,iPhone 12 Pro Max,128GB,Good,150
Apple,iPhone 12 Pro Max,128GB,Damaged,75
Apple,iPhone 12 Pro Max,256GB,Brand New,205
Apple,iPhone 12 Pro Max,256GB,Excellent,200
Apple,iPhone 12 Pro Max,256GB,Good,160
Apple,iPhone 12 Pro Max,256GB,Damaged,80
Apple,iPhone 12 Pro Max,512GB,Brand New,230
Apple,iPhone 12 Pro Max,512GB,Excellent,220
Apple,iPhone 12 Pro Max,512GB,Good,175
Apple,iPhone 12 Pro Max,512GB,Damaged,90
Apple,iPhone SE (2nd generation),64GB,Brand New,35
Apple,iPhone SE (2nd generation),64GB,Excellent,35
Apple,iPhone SE (2nd generation),64GB,Good,25
Apple,iPhone SE (2nd generation),64GB,Damaged,15
Apple,iPhone SE (2nd generation),128GB,Brand New,35
Apple,iPhone SE (2nd generation),128GB,Excellent,35
Apple,iPhone SE (2nd generation),128GB,Good,30
Apple,iPhone SE (2nd generation),128GB,Damaged,15
Apple,iPhone SE (2nd generation),256GB,Brand New,55
Apple,iPhone SE (2nd generation),256GB,Excellent,55
Apple,iPhone SE (2nd generation),256GB,Good,45
Apple,iPhone SE (2nd generation),256GB,Damaged,25
Apple,iPhone 13,128GB,Brand New,155
Apple,iPhone 13,128GB,Excellent,145
Apple,iPhone 13,128GB,Good,130
Apple,iPhone 13,128GB,Damaged,65
Apple,iPhone 13,256GB,Brand New,200
Apple,iPhone 13,256GB,Excellent,185
Apple,iPhone 13,256GB,Good,160
Apple,iPhone 13,256GB,Damaged,75
Apple,iPhone 13,512GB,Brand New,230
Apple,iPhone 13,512GB,Excellent,215
Apple,iPhone 13,512GB,Good,180
Apple,iPhone 13,512GB,Damaged,80
Apple,iPhone 13 mini,128GB,Brand New,145
Apple,iPhone 13 mini,128GB,Excellent,145
Apple,iPhone 13 mini,128GB,Good,115
Apple,iPhone 13 mini,128GB,Damaged,60
Apple,iPhone 13 mini,256GB,Brand New,165
Apple,iPhone 13 mini,256GB,Excellent,155
Apple,iPhone 13 mini,256GB,Good,130
Apple,iPhone 13 mini,256GB,Damaged,65
Apple,iPhone 13 mini,512GB,Brand New,190
Apple,iPhone 13 mini,512GB,Excellent,180
Apple,iPhone 13 mini,512GB,Good,145
Apple,iPhone 13 mini,512GB,Damaged,75
Apple,iPhone 13 Pro,128GB,Brand New,215
Apple,iPhone 13 Pro,128GB,Excellent,210
Apple,iPhone 13 Pro,128GB,Good,165
Apple,iPhone 13 Pro,128GB,Damaged,85
Apple,iPhone 13 Pro,256GB,Brand New,240
Apple,iPhone 13 Pro,256GB,Excellent,230
Apple,iPhone 13 Pro,256GB,Good,185
Apple,iPhone 13 Pro,256GB,Damaged,95
Apple,iPhone 13 Pro,512GB,Brand New,260
Apple,iPhone 13 Pro,512GB,Excellent,250
Apple,iPhone 13 Pro,512GB,Good,205
Apple,iPhone 13 Pro,512GB,Damaged,105
Apple,iPhone 13 Pro,1TB,Brand New,295
Apple,iPhone 13 Pro,1TB,Excellent,280
Apple,iPhone 13 Pro,1TB,Good,230
Apple,iPhone 13 Pro,1TB,Damaged,115
Apple,iPhone 13 Pro Max,128GB,Brand New,265
Apple,iPhone 13 Pro Max,128GB,Excellent,250
Apple,iPhone 13 Pro Max,128GB,Good,205
Apple,iPhone 13 Pro Max,128GB,Damaged,105
Apple,iPhone 13 Pro Max,256GB,Brand New,270
Apple,iPhone 13 Pro Max,256GB,Excellent,255
Apple,iPhone 13 Pro Max,256GB,Good,210
Apple,iPhone 13 Pro Max,256GB,Damaged,110
Apple,iPhone 13 Pro Max,512GB,Brand New,315
Apple,iPhone 13 Pro Max,512GB,Excellent,300
Apple,iPhone 13 Pro Max,512GB,Good,240
Apple,iPhone 13 Pro Max,512GB,Damaged,120
Apple,iPhone 13 Pro Max,1TB,Brand New,335
Apple,iPhone 13 Pro Max,1TB,Excellent,325
Apple,iPhone 13 Pro Max,1TB,Good,260
Apple,iPhone 13 Pro Max,1TB,Damaged,130
Apple,iPhone 14,128GB,Brand New,210
Apple,iPhone 14,128GB,Excellent,200
Apple,iPhone 14,128GB,Good,160
Apple,iPhone 14,128GB,Damaged,80
Apple,iPhone 14,256GB,Brand New,240
Apple,iPhone 14,256GB,Excellent,230
Apple,iPhone 14,256GB,Good,185
Apple,iPhone 14,256GB,Damaged,95
Apple,iPhone 14,512GB,Brand New,245
Apple,iPhone 14,512GB,Excellent,240
Apple,iPhone 14,512GB,Good,190
Apple,iPhone 14,512GB,Damaged,100
Apple,iPhone 14 Plus,128GB,Brand New,210
Apple,iPhone 14 Plus,128GB,Excellent,205
Apple,iPhone 14 Plus,128GB,Good,160
Apple,iPhone 14 Plus,128GB,Damaged,80
Apple,iPhone 14 Plus,256GB,Brand New,245
Apple,iPhone 14 Plus,256GB,Excellent,240
Apple,iPhone 14 Plus,256GB,Good,190
Apple,iPhone 14 Plus,256GB,Damaged,100
Apple,iPhone 14 Plus,512GB,Brand New,265
Apple,iPhone 14 Plus,512GB,Excellent,255
Apple,iPhone 14 Plus,512GB,Good,210
Apple,iPhone 14 Plus,512GB,Damaged,105
Apple,iPhone 14 Pro,128GB,Brand New,290
Apple,iPhone 14 Pro,128GB,Excellent,280
Apple,iPhone 14 Pro,128GB,Good,225
Apple,iPhone 14 Pro,128GB,Damaged,115
Apple,iPhone 14 Pro,256GB,Brand New,310
Apple,iPhone 14 Pro,256GB,Excellent,295
Apple,iPhone 14 Pro,256GB,Good,240
Apple,iPhone 14 Pro,256GB,Damaged,120
Apple,iPhone 14 Pro,512GB,Brand New,310
Apple,iPhone 14 Pro,512GB,Excellent,295
Apple,iPhone 14 Pro,512GB,Good,240
Apple,iPhone 14 Pro,512GB,Damaged,120
Apple,iPhone 14 Pro,1TB,Brand New,345
Apple,iPhone 14 Pro,1TB,Excellent,335
Apple,iPhone 14 Pro,1TB,Good,270
Apple,iPhone 14 Pro,1TB,Damaged,140
Apple,iPhone 14 Pro Max,128GB,Brand New,325
Apple,iPhone 14 Pro Max,128GB,Excellent,315
Apple,iPhone 14 Pro Max,128GB,Good,250
Apple,iPhone 14 Pro Max,128GB,Damaged,130
Apple,iPhone 14 Pro Max,256GB,Brand New,345
Apple,iPhone 14 Pro Max,256GB,Excellent,335
Apple,iPhone 14 Pro Max,256GB,Good,270
Apple,iPhone 14 Pro Max,256GB,Damaged,140
Apple,iPhone 14 Pro Max,512GB,Brand New,375
Apple,iPhone 14 Pro Max,512GB,Excellent,360
Apple,iPhone 14 Pro Max,512GB,Good,290
Apple,iPhone 14 Pro Max,512GB,Damaged,150
Apple,iPhone 14 Pro Max,1TB,Brand New,405
Apple,iPhone 14 Pro Max,1TB,Excellent,390
Apple,iPhone 14 Pro Max,1TB,Good,315
Apple,iPhone 14 Pro Max,1TB,Damaged,160
Apple,iPhone SE (3rd generation),64GB,Brand New,80
Apple,iPhone SE (3rd generation),64GB,Excellent,75
Apple,iPhone SE (3rd generation),64GB,Good,60
Apple,iPhone SE (3rd generation),64GB,Damaged,30
Apple,iPhone SE (3rd generation),128GB,Brand New,90
Apple,iPhone SE (3rd generation),128GB,Excellent,85
Apple,iPhone SE (3rd generation),128GB,Good,70
Apple,iPhone SE (3rd generation),128GB,Damaged,35
Apple,iPhone SE (3rd generation),256GB,Brand New,100
Apple,iPhone SE (3rd generation),256GB,Excellent,95
Apple,iPhone SE (3rd generation),256GB,Good,75
Apple,iPhone SE (3rd generation),256GB,Damaged,40
Apple,iPhone 15,128GB,Brand New,310
Apple,iPhone 15,128GB,Excellent,295
Apple,iPhone 15,128GB,Good,240
Apple,iPhone 15,128GB,Damaged,120
Apple,iPhone 15,256GB,Brand New,335
Apple,iPhone 15,256GB,Excellent,330
Apple,iPhone 15,256GB,Good,260
Apple,iPhone 15,256GB,Damaged,135
Apple,iPhone 15,512GB,Brand New,355
Apple,iPhone 15,512GB,Excellent,340
Apple,iPhone 15,512GB,Good,275
Apple,iPhone 15,512GB,Damaged,140
Apple,iPhone 15 Plus,128GB,Brand New,330
Apple,iPhone 15 Plus,128GB,Excellent,320
Apple,iPhone 15 Plus,128GB,Good,255
Apple,iPhone 15 Plus,128GB,Damaged,130
Apple,iPhone 15 Plus,256GB,Brand New,345
Apple,iPhone 15 Plus,256GB,Excellent,335
Apple,iPhone 15 Plus,256GB,Good,270
Apple,iPhone 15 Plus,256GB,Damaged,140
Apple,iPhone 15 Plus,512GB,Brand New,365
Apple,iPhone 15 Plus,512GB,Excellent,350
Apple,iPhone 15 Plus,512GB,Good,285
Apple,iPhone 15 Plus,512GB,Damaged,145
Apple,iPhone 15 Pro,128GB,Brand New,375
Apple,iPhone 15 Pro,128GB,Excellent,360
Apple,iPhone 15 Pro,128GB,Good,290
Apple,iPhone 15 Pro,128GB,Damaged,150
Apple,iPhone 15 Pro,256GB,Brand New,400
Apple,iPhone 15 Pro,256GB,Excellent,385
Apple,iPhone 15 Pro,256GB,Good,315
Apple,iPhone 15 Pro,256GB,Damaged,160
Apple,iPhone 15 Pro,512GB,Brand New,430
Apple,iPhone 15 Pro,512GB,Excellent,415
Apple,iPhone 15 Pro,512GB,Good,335
Apple,iPhone 15 Pro,512GB,Damaged,170
Apple,iPhone 15 Pro,1TB,Brand New,465
Apple,iPhone 15 Pro,1TB,Excellent,450
Apple,iPhone 15 Pro,1TB,Good,360
Apple,iPhone 15 Pro,1TB,Damaged,185
Apple,iPhone 15 Pro Max,256GB,Brand New,430
Apple,iPhone 15 Pro Max,256GB,Excellent,420
Apple,iPhone 15 Pro Max,256GB,Good,335
Apple,iPhone 15 Pro Max,256GB,Damaged,170
Apple,iPhone 15 Pro Max,512GB,Brand New,510
Apple,iPhone 15 Pro Max,512GB,Excellent,490
Apple,iPhone 15 Pro Max,512GB,Good,395
Apple,iPhone 15 Pro Max,512GB,Damaged,205
Apple,iPhone 15 Pro Max,1TB,Brand New,515
Apple,iPhone 15 Pro Max,1TB,Excellent,495
Apple,iPhone 15 Pro Max,1TB,Good,400
Apple,iPhone 15 Pro Max,1TB,Damaged,205
Apple,iPhone 16,128GB,Brand New,415
Apple,iPhone 16,128GB,Excellent,400
Apple,iPhone 16,128GB,Good,325
Apple,iPhone 16,128GB,Damaged,160
Apple,iPhone 16,256GB,Brand New,460
Apple,iPhone 16,256GB,Excellent,445
Apple,iPhone 16,256GB,Good,360
Apple,iPhone 16,256GB,Damaged,185
Apple,iPhone 16,512GB,Brand New,490
Apple,iPhone 16,512GB,Excellent,470
Apple,iPhone 16,512GB,Good,380
Apple,iPhone 16,512GB,Damaged,195
Apple,iPhone 16 Plus,128GB,Brand New,405
Apple,iPhone 16 Plus,128GB,Excellent,390
Apple,iPhone 16 Plus,128GB,Good,315
Apple,iPhone 16 Plus,128GB,Damaged,160
Apple,iPhone 16 Plus,256GB,Brand New,460
Apple,iPhone 16 Plus,256GB,Excellent,445
Apple,iPhone 16 Plus,256GB,Good,360
Apple,iPhone 16 Plus,256GB,Damaged,185
Apple,iPhone 16 Plus,512GB,Brand New,490
Apple,iPhone 16 Plus,512GB,Excellent,470
Apple,iPhone 16 Plus,512GB,Good,380
Apple,iPhone 16 Plus,512GB,Damaged,195
Apple,iPhone 16 Pro,128GB,Brand New,525
Apple,iPhone 16 Pro,128GB,Excellent,510
Apple,iPhone 16 Pro,128GB,Good,415
Apple,iPhone 16 Pro,128GB,Damaged,205
Apple,iPhone 16 Pro,256GB,Brand New,585
Apple,iPhone 16 Pro,256GB,Excellent,565
Apple,iPhone 16 Pro,256GB,Good,455
Apple,iPhone 16 Pro,256GB,Damaged,230
Apple,iPhone 16 Pro,512GB,Brand New,590
Apple,iPhone 16 Pro,512GB,Excellent,570
Apple,iPhone 16 Pro,512GB,Good,460
Apple,iPhone 16 Pro,512GB,Damaged,235
Apple,iPhone 16 Pro,1TB,Brand New,620
Apple,iPhone 16 Pro,1TB,Excellent,600
Apple,iPhone 16 Pro,1TB,Good,485
Apple,iPhone 16 Pro,1TB,Damaged,250
Apple,iPhone 16 Pro Max,256GB,Brand New,620
Apple,iPhone 16 Pro Max,256GB,Excellent,595
Apple,iPhone 16 Pro Max,256GB,Good,480
Apple,iPhone 16 Pro Max,256GB,Damaged,245
Apple,iPhone 16 Pro Max,512GB,Brand New,685
Apple,iPhone 16 Pro Max,512GB,Excellent,655
Apple,iPhone 16 Pro Max,512GB,Good,530
Apple,iPhone 16 Pro Max,512GB,Damaged,270
Apple,iPhone 16 Pro Max,1TB,Brand New,725
Apple,iPhone 16 Pro Max,1TB,Excellent,705
Apple,iPhone 16 Pro Max,1TB,Good,565
Apple,iPhone 16 Pro Max,1TB,Damaged,290
Apple,iPhone 16e,128GB,Brand New,305
Apple,iPhone 16e,128GB,Excellent,290
Apple,iPhone 16e,128GB,Good,240
Apple,iPhone 16e,128GB,Damaged,120
Apple,iPhone 16e,256GB,Brand New,320
Apple,iPhone 16e,256GB,Excellent,310
Apple,iPhone 16e,256GB,Good,245
Apple,iPhone 16e,256GB,Damaged,125
Apple,iPhone 16e,512GB,Brand New,370
Apple,iPhone 16e,512GB,Excellent,355
Apple,iPhone 16e,512GB,Good,290
Apple,iPhone 16e,512GB,Damaged,150
Apple,iPhone 17,256GB,Brand New,520
Apple,iPhone 17,256GB,Excellent,500
Apple,iPhone 17,256GB,Good,405
Apple,iPhone 17,256GB,Damaged,205
Apple,iPhone 17,512GB,Brand New,565
Apple,iPhone 17,512GB,Excellent,545
Apple,iPhone 17,512GB,Good,440
Apple,iPhone 17,512GB,Damaged,225
Apple,iPhone 17 Pro,256GB,Brand New,720
Apple,iPhone 17 Pro,256GB,Excellent,695
Apple,iPhone 17 Pro,256GB,Good,560
Apple,iPhone 17 Pro,256GB,Damaged,285
Apple,iPhone 17 Pro,512GB,Brand New,745
Apple,iPhone 17 Pro,512GB,Excellent,720
Apple,iPhone 17 Pro,512GB,Good,580
Apple,iPhone 17 Pro,512GB,Damaged,295
Apple,iPhone 17 Pro,1TB,Brand New,835
Apple,iPhone 17 Pro,1TB,Excellent,805
Apple,iPhone 17 Pro,1TB,Good,650
Apple,iPhone 17 Pro,1TB,Damaged,330
Apple,iPhone 17 Pro Max,256GB,Brand New,835
Apple,iPhone 17 Pro Max,256GB,Excellent,810
Apple,iPhone 17 Pro Max,256GB,Good,650
Apple,iPhone 17 Pro Max,256GB,Damaged,330
Apple,iPhone 17 Pro Max,512GB,Brand New,915
Apple,iPhone 17 Pro Max,512GB,Excellent,885
Apple,iPhone 17 Pro Max,512GB,Good,715
Apple,iPhone 17 Pro Max,512GB,Damaged,360
Apple,iPhone 17 Pro Max,1TB,Brand New,945
Apple,iPhone 17 Pro Max,1TB,Excellent,910
Apple,iPhone 17 Pro Max,1TB,Good,735
Apple,iPhone 17 Pro Max,1TB,Damaged,375
Apple,iPhone 17 Pro Max,2TB,Brand New,1000
Apple,iPhone 17 Pro Max,2TB,Excellent,960
Apple,iPhone 17 Pro Max,2TB,Good,775
Apple,iPhone 17 Pro Max,2TB,Damaged,390
Apple,iPhone Air,256GB,Brand New,475
Apple,iPhone Air,256GB,Excellent,455
Apple,iPhone Air,256GB,Good,365
Apple,iPhone Air,256GB,Damaged,185
Apple,iPhone Air,512GB,Brand New,535
Apple,iPhone Air,512GB,Excellent,520
Apple,iPhone Air,512GB,Good,420
Apple,iPhone Air,512GB,Damaged,210
Apple,iPhone Air,1TB,Brand New,615
Apple,iPhone Air,1TB,Excellent,590
Apple,iPhone Air,1TB,Good,475
Apple,iPhone Air,1TB,Damaged,245
Apple,iPhone 17e,256GB,Brand New,375
Apple,iPhone 17e,256GB,Excellent,360
Apple,iPhone 17e,256GB,Good,290
Apple,iPhone 17e,256GB,Damaged,150
Apple,iPhone 17e,512GB,Brand New,430
Apple,iPhone 17e,512GB,Excellent,410
Apple,iPhone 17e,512GB,Good,335
Apple,iPhone 17e,512GB,Damaged,165
Samsung,Galaxy A10,32GB,Brand New,5
Samsung,Galaxy A10,32GB,Excellent,5
Samsung,Galaxy A10,32GB,Good,5
Samsung,Galaxy A10,32GB,Damaged,1
Samsung,Galaxy A10s,32GB,Brand New,5
Samsung,Galaxy A10s,32GB,Excellent,5
Samsung,Galaxy A10s,32GB,Good,5
Samsung,Galaxy A10s,32GB,Damaged,1
Samsung,Galaxy A20,32GB,Brand New,20
Samsung,Galaxy A20,32GB,Excellent,20
Samsung,Galaxy A20,32GB,Good,15
Samsung,Galaxy A20,32GB,Damaged,5
Samsung,Galaxy A20e,32GB,Brand New,10
Samsung,Galaxy A20e,32GB,Excellent,10
Samsung,Galaxy A20e,32GB,Good,5
Samsung,Galaxy A20e,32GB,Damaged,1
Samsung,Galaxy A20s,32GB,Brand New,20
Samsung,Galaxy A20s,32GB,Excellent,20
Samsung,Galaxy A20s,32GB,Good,15
Samsung,Galaxy A20s,32GB,Damaged,5
Samsung,Galaxy A20s,64GB,Brand New,20
Samsung,Galaxy A20s,64GB,Excellent,20
Samsung,Galaxy A20s,64GB,Good,15
Samsung,Galaxy A20s,64GB,Damaged,5
Samsung,Galaxy A30,32GB,Brand New,5
Samsung,Galaxy A30,32GB,Excellent,5
Samsung,Galaxy A30,32GB,Good,5
Samsung,Galaxy A30,32GB,Damaged,1
Samsung,Galaxy A30,64GB,Brand New,5
Samsung,Galaxy A30,64GB,Excellent,5
Samsung,Galaxy A30,64GB,Good,5
Samsung,Galaxy A30,64GB,Damaged,1
Samsung,Galaxy A30s,32GB,Brand New,10
Samsung,Galaxy A30s,32GB,Excellent,10
Samsung,Galaxy A30s,32GB,Good,5
Samsung,Galaxy A30s,32GB,Damaged,1
Samsung,Galaxy A30s,64GB,Brand New,10
Samsung,Galaxy A30s,64GB,Excellent,10
Samsung,Galaxy A30s,64GB,Good,5
Samsung,Galaxy A30s,64GB,Damaged,1
Samsung,Galaxy A30s,128GB,Brand New,10
Samsung,Galaxy A30s,128GB,Excellent,10
Samsung,Galaxy A30s,128GB,Good,5
Samsung,Galaxy A30s,128GB,Damaged,1
Samsung,Galaxy A40,64GB,Brand New,10
Samsung,Galaxy A40,64GB,Excellent,10
Samsung,Galaxy A40,64GB,Good,10
Samsung,Galaxy A40,64GB,Damaged,1
Samsung,Galaxy A50,64GB,Brand New,15
Samsung,Galaxy A50,64GB,Excellent,10
Samsung,Galaxy A50,64GB,Good,10
Samsung,Galaxy A50,64GB,Damaged,5
Samsung,Galaxy A50,128GB,Brand New,15
Samsung,Galaxy A50,128GB,Excellent,15
Samsung,Galaxy A50,128GB,Good,10
Samsung,Galaxy A50,128GB,Damaged,5
Samsung,Galaxy A50s,64GB,Brand New,25
Samsung,Galaxy A50s,64GB,Excellent,25
Samsung,Galaxy A50s,64GB,Good,20
Samsung,Galaxy A50s,64GB,Damaged,10
Samsung,Galaxy A50s,128GB,Brand New,25
Samsung,Galaxy A50s,128GB,Excellent,25
Samsung,Galaxy A50s,128GB,Good,20
Samsung,Galaxy A50s,128GB,Damaged,10
Samsung,Galaxy A60,64GB,Brand New,10
Samsung,Galaxy A60,64GB,Excellent,10
Samsung,Galaxy A60,64GB,Good,10
Samsung,Galaxy A60,64GB,Damaged,1
Samsung,Galaxy A60,128GB,Brand New,10
Samsung,Galaxy A60,128GB,Excellent,10
Samsung,Galaxy A60,128GB,Good,10
Samsung,Galaxy A60,128GB,Damaged,1
Samsung,Galaxy A70,128GB,Brand New,30
Samsung,Galaxy A70,128GB,Excellent,30
Samsung,Galaxy A70,128GB,Good,25
Samsung,Galaxy A70,128GB,Damaged,10
Samsung,Galaxy A70s,128GB,Brand New,
Samsung,Galaxy A70s,128GB,Excellent,
Samsung,Galaxy A70s,128GB,Good,
Samsung,Galaxy A70s,128GB,Damaged,
Samsung,Galaxy A80,128GB,Brand New,20
Samsung,Galaxy A80,128GB,Excellent,15
Samsung,Galaxy A80,128GB,Good,10
Samsung,Galaxy A80,128GB,Damaged,1
Samsung,Galaxy A90 5G,128GB,Brand New,20
Samsung,Galaxy A90 5G,128GB,Excellent,15
Samsung,Galaxy A90 5G,128GB,Good,15
Samsung,Galaxy A90 5G,128GB,Damaged,5
Samsung,Galaxy M20,32GB,Brand New,15
Samsung,Galaxy M20,32GB,Excellent,15
Samsung,Galaxy M20,32GB,Good,10
Samsung,Galaxy M20,32GB,Damaged,5
Samsung,Galaxy M20,64GB,Brand New,15
Samsung,Galaxy M20,64GB,Excellent,15
Samsung,Galaxy M20,64GB,Good,10
Samsung,Galaxy M20,64GB,Damaged,5
Samsung,Galaxy M30,32GB,Brand New,15
Samsung,Galaxy M30,32GB,Excellent,15
Samsung,Galaxy M30,32GB,Good,10
Samsung,Galaxy M30,32GB,Damaged,5
Samsung,Galaxy M30,64GB,Brand New,15
Samsung,Galaxy M30,64GB,Excellent,15
Samsung,Galaxy M30,64GB,Good,10
Samsung,Galaxy M30,64GB,Damaged,5
Samsung,Galaxy M30,128GB,Brand New,15
Samsung,Galaxy M30,128GB,Excellent,15
Samsung,Galaxy M30,128GB,Good,10
Samsung,Galaxy M30,128GB,Damaged,5
Samsung,Galaxy M30s,64GB,Brand New,20
Samsung,Galaxy M30s,64GB,Excellent,20
Samsung,Galaxy M30s,64GB,Good,15
Samsung,Galaxy M30s,64GB,Damaged,5
Samsung,Galaxy M30s,128GB,Brand New,20
Samsung,Galaxy M30s,128GB,Excellent,20
Samsung,Galaxy M30s,128GB,Good,15
Samsung,Galaxy M30s,128GB,Damaged,5
Samsung,Galaxy Note10,256GB,Brand New,20
Samsung,Galaxy Note10,256GB,Excellent,20
Samsung,Galaxy Note10,256GB,Good,15
Samsung,Galaxy Note10,256GB,Damaged,5
Samsung,Galaxy Note10+,256GB,Brand New,60
Samsung,Galaxy Note10+,256GB,Excellent,55
Samsung,Galaxy Note10+,256GB,Good,50
Samsung,Galaxy Note10+,256GB,Damaged,20
Samsung,Galaxy Note10+,512GB,Brand New,60
Samsung,Galaxy Note10+,512GB,Excellent,55
Samsung,Galaxy Note10+,512GB,Good,50
Samsung,Galaxy Note10+,512GB,Damaged,20
Samsung,Galaxy S10,128GB,Brand New,25
Samsung,Galaxy S10,128GB,Excellent,20
Samsung,Galaxy S10,128GB,Good,20
Samsung,Galaxy S10,128GB,Damaged,5
Samsung,Galaxy S10,512GB,Brand New,20
Samsung,Galaxy S10,512GB,Excellent,20
Samsung,Galaxy S10,512GB,Good,15
Samsung,Galaxy S10,512GB,Damaged,5
Samsung,Galaxy S10 5G,256GB,Brand New,30
Samsung,Galaxy S10 5G,256GB,Excellent,25
Samsung,Galaxy S10 5G,256GB,Good,20
Samsung,Galaxy S10 5G,256GB,Damaged,10
Samsung,Galaxy S10 5G,512GB,Brand New,30
Samsung,Galaxy S10 5G,512GB,Excellent,25
Samsung,Galaxy S10 5G,512GB,Good,20
Samsung,Galaxy S10 5G,512GB,Damaged,10
Samsung,Galaxy S10+,128GB,Brand New,25
Samsung,Galaxy S10+,128GB,Excellent,25
Samsung,Galaxy S10+,128GB,Good,20
Samsung,Galaxy S10+,128GB,Damaged,10
Samsung,Galaxy S10+,512GB,Brand New,25
Samsung,Galaxy S10+,512GB,Excellent,25
Samsung,Galaxy S10+,512GB,Good,20
Samsung,Galaxy S10+,512GB,Damaged,10
Samsung,Galaxy S10+,1TB,Brand New,25
Samsung,Galaxy S10+,1TB,Excellent,25
Samsung,Galaxy S10+,1TB,Good,20
Samsung,Galaxy S10+,1TB,Damaged,10
Samsung,Galaxy S10e,128GB,Brand New,15
Samsung,Galaxy S10e,128GB,Excellent,15
Samsung,Galaxy S10e,128GB,Good,10
Samsung,Galaxy S10e,128GB,Damaged,5
Samsung,Galaxy S10e,256GB,Brand New,15
Samsung,Galaxy S10e,256GB,Excellent,15
Samsung,Galaxy S10e,256GB,Good,10
Samsung,Galaxy S10e,256GB,Damaged,5
Samsung,Galaxy A01,16GB,Brand New,20
Samsung,Galaxy A01,16GB,Excellent,20
Samsung,Galaxy A01,16GB,Good,15
Samsung,Galaxy A01,16GB,Damaged,5
Samsung,Galaxy A01,32GB,Brand New,20
Samsung,Galaxy A01,32GB,Excellent,20
Samsung,Galaxy A01,32GB,Good,15
Samsung,Galaxy A01,32GB,Damaged,5
Samsung,Galaxy A02s,32GB,Brand New,20
Samsung,Galaxy A02s,32GB,Excellent,20
Samsung,Galaxy A02s,32GB,Good,15
Samsung,Galaxy A02s,32GB,Damaged,5
Samsung,Galaxy A02s,64GB,Brand New,20
Samsung,Galaxy A02s,64GB,Excellent,20
Samsung,Galaxy A02s,64GB,Good,15
Samsung,Galaxy A02s,64GB,Damaged,5
Samsung,Galaxy A11,32GB,Brand New,20
Samsung,Galaxy A11,32GB,Excellent,20
Samsung,Galaxy A11,32GB,Good,15
Samsung,Galaxy A11,32GB,Damaged,5
Samsung,Galaxy A11,64GB,Brand New,20
Samsung,Galaxy A11,64GB,Excellent,20
Samsung,Galaxy A11,64GB,Good,15
Samsung,Galaxy A11,64GB,Damaged,5
Samsung,Galaxy A21,32GB,Brand New,20
Samsung,Galaxy A21,32GB,Excellent,20
Samsung,Galaxy A21,32GB,Good,15
Samsung,Galaxy A21,32GB,Damaged,5
Samsung,Galaxy A21s,32GB,Brand New,20
Samsung,Galaxy A21s,32GB,Excellent,15
Samsung,Galaxy A21s,32GB,Good,15
Samsung,Galaxy A21s,32GB,Damaged,5
Samsung,Galaxy A21s,64GB,Brand New,20
Samsung,Galaxy A21s,64GB,Excellent,15
Samsung,Galaxy A21s,64GB,Good,15
Samsung,Galaxy A21s,64GB,Damaged,5
Samsung,Galaxy A21s,128GB,Brand New,20
Samsung,Galaxy A21s,128GB,Excellent,15
Samsung,Galaxy A21s,128GB,Good,15
Samsung,Galaxy A21s,128GB,Damaged,5
Samsung,Galaxy A41,64GB,Brand New,20
Samsung,Galaxy A41,64GB,Excellent,20
Samsung,Galaxy A41,64GB,Good,15
Samsung,Galaxy A41,64GB,Damaged,5
Samsung,Galaxy A42 5G,128GB,Brand New,50
Samsung,Galaxy A42 5G,128GB,Excellent,50
Samsung,Galaxy A42 5G,128GB,Good,40
Samsung,Galaxy A42 5G,128GB,Damaged,20
Samsung,Galaxy A51,64GB,Brand New,25
Samsung,Galaxy A51,64GB,Excellent,25
Samsung,Galaxy A51,64GB,Good,20
Samsung,Galaxy A51,64GB,Damaged,10
Samsung,Galaxy A51,128GB,Brand New,35
Samsung,Galaxy A51,128GB,Excellent,35
Samsung,Galaxy A51,128GB,Good,25
Samsung,Galaxy A51,128GB,Damaged,10
Samsung,Galaxy A51,256GB,Brand New,30
Samsung,Galaxy A51,256GB,Excellent,30
Samsung,Galaxy A51,256GB,Good,25
Samsung,Galaxy A51,256GB,Damaged,10
Samsung,Galaxy A51 5G,128GB,Brand New,40
Samsung,Galaxy A51 5G,128GB,Excellent,40
Samsung,Galaxy A51 5G,128GB,Good,30
Samsung,Galaxy A51 5G,128GB,Damaged,15
Samsung,Galaxy A71,128GB,Brand New,45
Samsung,Galaxy A71,128GB,Excellent,45
Samsung,Galaxy A71,128GB,Good,35
Samsung,Galaxy A71,128GB,Damaged,15
Samsung,Galaxy A71 5G,128GB,Brand New,45
Samsung,Galaxy A71 5G,128GB,Excellent,45
Samsung,Galaxy A71 5G,128GB,Good,35
Samsung,Galaxy A71 5G,128GB,Damaged,15
Samsung,Galaxy M31,64GB,Brand New,25
Samsung,Galaxy M31,64GB,Excellent,25
Samsung,Galaxy M31,64GB,Good,20
Samsung,Galaxy M31,64GB,Damaged,10
Samsung,Galaxy M31,128GB,Brand New,25
Samsung,Galaxy M31,128GB,Excellent,25
Samsung,Galaxy M31,128GB,Good,20
Samsung,Galaxy M31,128GB,Damaged,10
Samsung,Galaxy M51,128GB,Brand New,35
Samsung,Galaxy M51,128GB,Excellent,35
Samsung,Galaxy M51,128GB,Good,25
Samsung,Galaxy M51,128GB,Damaged,10
Samsung,Galaxy Note10 Lite,128GB,Brand New,35
Samsung,Galaxy Note10 Lite,128GB,Excellent,35
Samsung,Galaxy Note10 Lite,128GB,Good,25
Samsung,Galaxy Note10 Lite,128GB,Damaged,10
Samsung,Galaxy Note20,128GB,Brand New,80
Samsung,Galaxy Note20,128GB,Excellent,75
Samsung,Galaxy Note20,128GB,Good,60
Samsung,Galaxy Note20,128GB,Damaged,25
Samsung,Galaxy Note20,256GB,Brand New,90
Samsung,Galaxy Note20,256GB,Excellent,85
Samsung,Galaxy Note20,256GB,Good,65
Samsung,Galaxy Note20,256GB,Damaged,30
Samsung,Galaxy Note20 Ultra,128GB,Brand New,45
Samsung,Galaxy Note20 Ultra,128GB,Excellent,40
Samsung,Galaxy Note20 Ultra,128GB,Good,35
Samsung,Galaxy Note20 Ultra,128GB,Damaged,15
Samsung,Galaxy Note20 Ultra,256GB,Brand New,90
Samsung,Galaxy Note20 Ultra,256GB,Excellent,85
Samsung,Galaxy Note20 Ultra,256GB,Good,65
Samsung,Galaxy Note20 Ultra,256GB,Damaged,30
Samsung,Galaxy Note20 Ultra,512GB,Brand New,90
Samsung,Galaxy Note20 Ultra,512GB,Excellent,85
Samsung,Galaxy Note20 Ultra,512GB,Good,65
Samsung,Galaxy Note20 Ultra,512GB,Damaged,30
Samsung,Galaxy S10 Lite,128GB,Brand New,25
Samsung,Galaxy S10 Lite,128GB,Excellent,20
Samsung,Galaxy S10 Lite,128GB,Good,20
Samsung,Galaxy S10 Lite,128GB,Damaged,5
Samsung,Galaxy S10 Lite,512GB,Brand New,20
Samsung,Galaxy S10 Lite,512GB,Excellent,20
Samsung,Galaxy S10 Lite,512GB,Good,20
Samsung,Galaxy S10 Lite,512GB,Damaged,5
Samsung,Galaxy S20,128GB,Brand New,55
Samsung,Galaxy S20,128GB,Excellent,50
Samsung,Galaxy S20,128GB,Good,45
Samsung,Galaxy S20,128GB,Damaged,20
Samsung,Galaxy S20 FE,128GB,Brand New,50
Samsung,Galaxy S20 FE,128GB,Excellent,50
Samsung,Galaxy S20 FE,128GB,Good,40
Samsung,Galaxy S20 FE,128GB,Damaged,20
Samsung,Galaxy S20 FE,256GB,Brand New,50
Samsung,Galaxy S20 FE,256GB,Excellent,50
Samsung,Galaxy S20 FE,256GB,Good,40
Samsung,Galaxy S20 FE,256GB,Damaged,20
Samsung,Galaxy S20 Ultra,128GB,Brand New,115
Samsung,Galaxy S20 Ultra,128GB,Excellent,110
Samsung,Galaxy S20 Ultra,128GB,Good,90
Samsung,Galaxy S20 Ultra,128GB,Damaged,40
Samsung,Galaxy S20 Ultra,256GB,Brand New,50
Samsung,Galaxy S20 Ultra,256GB,Excellent,50
Samsung,Galaxy S20 Ultra,256GB,Good,40
Samsung,Galaxy S20 Ultra,256GB,Damaged,20
Samsung,Galaxy S20 Ultra,512GB,Brand New,190
Samsung,Galaxy S20 Ultra,512GB,Excellent,180
Samsung,Galaxy S20 Ultra,512GB,Good,145
Samsung,Galaxy S20 Ultra,512GB,Damaged,70
Samsung,Galaxy S20+,128GB,Brand New,50
Samsung,Galaxy S20+,128GB,Excellent,50
Samsung,Galaxy S20+,128GB,Good,40
Samsung,Galaxy S20+,128GB,Damaged,20
Samsung,Galaxy S20+,512GB,Brand New,20
Samsung,Galaxy S20+,512GB,Excellent,20
Samsung,Galaxy S20+,512GB,Good,15
Samsung,Galaxy S20+,512GB,Damaged,5
Samsung,Galaxy XCover Pro,64GB,Brand New,20
Samsung,Galaxy XCover Pro,64GB,Excellent,20
Samsung,Galaxy XCover Pro,64GB,Good,15
Samsung,Galaxy XCover Pro,64GB,Damaged,5
Samsung,Galaxy Z Fold2,256GB,Brand New,35
Samsung,Galaxy Z Fold2,256GB,Excellent,35
Samsung,Galaxy Z Fold2,256GB,Good,25
Samsung,Galaxy Z Fold2,256GB,Damaged,5
Samsung,Galaxy Z Fold2,512GB,Brand New,40
Samsung,Galaxy Z Fold2,512GB,Excellent,40
Samsung,Galaxy Z Fold2,512GB,Good,30
Samsung,Galaxy Z Fold2,512GB,Damaged,10
Samsung,Galaxy A02,32GB,Brand New,30
Samsung,Galaxy A02,32GB,Excellent,30
Samsung,Galaxy A02,32GB,Good,25
Samsung,Galaxy A02,32GB,Damaged,10
Samsung,Galaxy A02,64GB,Brand New,30
Samsung,Galaxy A02,64GB,Excellent,30
Samsung,Galaxy A02,64GB,Good,25
Samsung,Galaxy A02,64GB,Damaged,10
Samsung,Galaxy A03s,32GB,Brand New,10
Samsung,Galaxy A03s,32GB,Excellent,10
Samsung,Galaxy A03s,32GB,Good,5
Samsung,Galaxy A03s,32GB,Damaged,1
Samsung,Galaxy A03s,64GB,Brand New,10
Samsung,Galaxy A03s,64GB,Excellent,10
Samsung,Galaxy A03s,64GB,Good,5
Samsung,Galaxy A03s,64GB,Damaged,1
Samsung,Galaxy A12,32GB,Brand New,15
Samsung,Galaxy A12,32GB,Excellent,10
Samsung,Galaxy A12,32GB,Good,10
Samsung,Galaxy A12,32GB,Damaged,5
Samsung,Galaxy A12,64GB,Brand New,20
Samsung,Galaxy A12,64GB,Excellent,15
Samsung,Galaxy A12,64GB,Good,15
Samsung,Galaxy A12,64GB,Damaged,5
Samsung,Galaxy A12,128GB,Brand New,20
Samsung,Galaxy A12,128GB,Excellent,20
Samsung,Galaxy A12,128GB,Good,15
Samsung,Galaxy A12,128GB,Damaged,5
Samsung,Galaxy A22,64GB,Brand New,35
Samsung,Galaxy A22,64GB,Excellent,35
Samsung,Galaxy A22,64GB,Good,25
Samsung,Galaxy A22,64GB,Damaged,10
Samsung,Galaxy A22,128GB,Brand New,40
Samsung,Galaxy A22,128GB,Excellent,35
Samsung,Galaxy A22,128GB,Good,30
Samsung,Galaxy A22,128GB,Damaged,15
Samsung,Galaxy A22 5G,64GB,Brand New,35
Samsung,Galaxy A22 5G,64GB,Excellent,35
Samsung,Galaxy A22 5G,64GB,Good,25
Samsung,Galaxy A22 5G,64GB,Damaged,10
Samsung,Galaxy A22 5G,128GB,Brand New,35
Samsung,Galaxy A22 5G,128GB,Excellent,35
Samsung,Galaxy A22 5G,128GB,Good,25
Samsung,Galaxy A22 5G,128GB,Damaged,10
Samsung,Galaxy A32,64GB,Brand New,30
Samsung,Galaxy A32,64GB,Excellent,30
Samsung,Galaxy A32,64GB,Good,25
Samsung,Galaxy A32,64GB,Damaged,10
Samsung,Galaxy A32,128GB,Brand New,30
Samsung,Galaxy A32,128GB,Excellent,30
Samsung,Galaxy A32,128GB,Good,25
Samsung,Galaxy A32,128GB,Damaged,10
Samsung,Galaxy A32 5G,64GB,Brand New,45
Samsung,Galaxy A32 5G,64GB,Excellent,40
Samsung,Galaxy A32 5G,64GB,Good,35
Samsung,Galaxy A32 5G,64GB,Damaged,15
Samsung,Galaxy A32 5G,128GB,Brand New,40
Samsung,Galaxy A32 5G,128GB,Excellent,40
Samsung,Galaxy A32 5G,128GB,Good,30
Samsung,Galaxy A32 5G,128GB,Damaged,15
Samsung,Galaxy A52,128GB,Brand New,25
Samsung,Galaxy A52,128GB,Excellent,25
Samsung,Galaxy A52,128GB,Good,20
Samsung,Galaxy A52,128GB,Damaged,10
Samsung,Galaxy A52,256GB,Brand New,25
Samsung,Galaxy A52,256GB,Excellent,25
Samsung,Galaxy A52,256GB,Good,20
Samsung,Galaxy A52,256GB,Damaged,10
Samsung,Galaxy A52 5G,128GB,Brand New,50
Samsung,Galaxy A52 5G,128GB,Excellent,50
Samsung,Galaxy A52 5G,128GB,Good,40
Samsung,Galaxy A52 5G,128GB,Damaged,20
Samsung,Galaxy A52 5G,256GB,Brand New,50
Samsung,Galaxy A52 5G,256GB,Excellent,50
Samsung,Galaxy A52 5G,256GB,Good,40
Samsung,Galaxy A52 5G,256GB,Damaged,20
Samsung,Galaxy A52s 5G,128GB,Brand New,55
Samsung,Galaxy A52s 5G,128GB,Excellent,55
Samsung,Galaxy A52s 5G,128GB,Good,45
Samsung,Galaxy A52s 5G,128GB,Damaged,20
Samsung,Galaxy A52s 5G,256GB,Brand New,55
Samsung,Galaxy A52s 5G,256GB,Excellent,50
Samsung,Galaxy A52s 5G,256GB,Good,45
Samsung,Galaxy A52s 5G,256GB,Damaged,20
Samsung,Galaxy A72,128GB,Brand New,50
Samsung,Galaxy A72,128GB,Excellent,50
Samsung,Galaxy A72,128GB,Good,40
Samsung,Galaxy A72,128GB,Damaged,20
Samsung,Galaxy A72,256GB,Brand New,55
Samsung,Galaxy A72,256GB,Excellent,55
Samsung,Galaxy A72,256GB,Good,45
Samsung,Galaxy A72,256GB,Damaged,20
Samsung,Galaxy M22,64GB,Brand New,25
Samsung,Galaxy M22,64GB,Excellent,25
Samsung,Galaxy M22,64GB,Good,20
Samsung,Galaxy M22,64GB,Damaged,10
Samsung,Galaxy M22,128GB,Brand New,25
Samsung,Galaxy M22,128GB,Excellent,25
Samsung,Galaxy M22,128GB,Good,20
Samsung,Galaxy M22,128GB,Damaged,10
Samsung,Galaxy M32,64GB,Brand New,40
Samsung,Galaxy M32,64GB,Excellent,40
Samsung,Galaxy M32,64GB,Good,30
Samsung,Galaxy M32,64GB,Damaged,15
Samsung,Galaxy M32,128GB,Brand New,45
Samsung,Galaxy M32,128GB,Excellent,40
Samsung,Galaxy M32,128GB,Good,35
Samsung,Galaxy M32,128GB,Damaged,15
Samsung,Galaxy M52 5G,128GB,Brand New,40
Samsung,Galaxy M52 5G,128GB,Excellent,40
Samsung,Galaxy M52 5G,128GB,Good,30
Samsung,Galaxy M52 5G,128GB,Damaged,15
Samsung,Galaxy S21 5G,128GB,Brand New,80
Samsung,Galaxy S21 5G,128GB,Excellent,75
Samsung,Galaxy S21 5G,128GB,Good,60
Samsung,Galaxy S21 5G,128GB,Damaged,25
Samsung,Galaxy S21 5G,256GB,Brand New,90
Samsung,Galaxy S21 5G,256GB,Excellent,85
Samsung,Galaxy S21 5G,256GB,Good,70
Samsung,Galaxy S21 5G,256GB,Damaged,30
Samsung,Galaxy S21 Ultra 5G,128GB,Brand New,140
Samsung,Galaxy S21 Ultra 5G,128GB,Excellent,135
Samsung,Galaxy S21 Ultra 5G,128GB,Good,110
Samsung,Galaxy S21 Ultra 5G,128GB,Damaged,50
Samsung,Galaxy S21 Ultra 5G,256GB,Brand New,155
Samsung,Galaxy S21 Ultra 5G,256GB,Excellent,145
Samsung,Galaxy S21 Ultra 5G,256GB,Good,120
Samsung,Galaxy S21 Ultra 5G,256GB,Damaged,55
Samsung,Galaxy S21 Ultra 5G,512GB,Brand New,175
Samsung,Galaxy S21 Ultra 5G,512GB,Excellent,170
Samsung,Galaxy S21 Ultra 5G,512GB,Good,140
Samsung,Galaxy S21 Ultra 5G,512GB,Damaged,65
Samsung,Galaxy S21+ 5G,128GB,Brand New,85
Samsung,Galaxy S21+ 5G,128GB,Excellent,80
Samsung,Galaxy S21+ 5G,128GB,Good,65
Samsung,Galaxy S21+ 5G,128GB,Damaged,30
Samsung,Galaxy S21+ 5G,256GB,Brand New,90
Samsung,Galaxy S21+ 5G,256GB,Excellent,85
Samsung,Galaxy S21+ 5G,256GB,Good,70
Samsung,Galaxy S21+ 5G,256GB,Damaged,30
Samsung,Galaxy XCover 5,64GB,Brand New,10
Samsung,Galaxy XCover 5,64GB,Excellent,10
Samsung,Galaxy XCover 5,64GB,Good,5
Samsung,Galaxy XCover 5,64GB,Damaged,1
Samsung,Galaxy Z Flip3 5G,128GB,Brand New,70
Samsung,Galaxy Z Flip3 5G,128GB,Excellent,65
Samsung,Galaxy Z Flip3 5G,128GB,Good,55
Samsung,Galaxy Z Flip3 5G,128GB,Damaged,15
Samsung,Galaxy Z Flip3 5G,256GB,Brand New,70
Samsung,Galaxy Z Flip3 5G,256GB,Excellent,70
Samsung,Galaxy Z Flip3 5G,256GB,Good,55
Samsung,Galaxy Z Flip3 5G,256GB,Damaged,15
Samsung,Galaxy Z Fold3 5G,256GB,Brand New,85
Samsung,Galaxy Z Fold3 5G,256GB,Excellent,80
Samsung,Galaxy Z Fold3 5G,256GB,Good,70
Samsung,Galaxy Z Fold3 5G,256GB,Damaged,20
Samsung,Galaxy Z Fold3 5G,512GB,Brand New,110
Samsung,Galaxy Z Fold3 5G,512GB,Excellent,105
Samsung,Galaxy Z Fold3 5G,512GB,Good,85
Samsung,Galaxy Z Fold3 5G,512GB,Damaged,25
Samsung,Galaxy A03,32GB,Brand New,5
Samsung,Galaxy A03,32GB,Excellent,5
Samsung,Galaxy A03,32GB,Good,5
Samsung,Galaxy A03,32GB,Damaged,1
Samsung,Galaxy A03,64GB,Brand New,5
Samsung,Galaxy A03,64GB,Excellent,5
Samsung,Galaxy A03,64GB,Good,5
Samsung,Galaxy A03,64GB,Damaged,1
Samsung,Galaxy A03,128GB,Brand New,5
Samsung,Galaxy A03,128GB,Excellent,5
Samsung,Galaxy A03,128GB,Good,5
Samsung,Galaxy A03,128GB,Damaged,1
Samsung,Galaxy A03 Core,32GB,Brand New,20
Samsung,Galaxy A03 Core,32GB,Excellent,20
Samsung,Galaxy A03 Core,32GB,Good,15
Samsung,Galaxy A03 Core,32GB,Damaged,5
Samsung,Galaxy A04,32GB,Brand New,5
Samsung,Galaxy A04,32GB,Excellent,5
Samsung,Galaxy A04,32GB,Good,5
Samsung,Galaxy A04,32GB,Damaged,1
Samsung,Galaxy A04,64GB,Brand New,5
Samsung,Galaxy A04,64GB,Excellent,5
Samsung,Galaxy A04,64GB,Good,5
Samsung,Galaxy A04,64GB,Damaged,1
Samsung,Galaxy A04,128GB,Brand New,5
Samsung,Galaxy A04,128GB,Excellent,5
Samsung,Galaxy A04,128GB,Good,5
Samsung,Galaxy A04,128GB,Damaged,1
Samsung,Galaxy A04s,32GB,Brand New,10
Samsung,Galaxy A04s,32GB,Excellent,10
Samsung,Galaxy A04s,32GB,Good,10
Samsung,Galaxy A04s,32GB,Damaged,1
Samsung,Galaxy A04s,64GB,Brand New,10
Samsung,Galaxy A04s,64GB,Excellent,10
Samsung,Galaxy A04s,64GB,Good,10
Samsung,Galaxy A04s,64GB,Damaged,1
Samsung,Galaxy A04s,128GB,Brand New,10
Samsung,Galaxy A04s,128GB,Excellent,10
Samsung,Galaxy A04s,128GB,Good,10
Samsung,Galaxy A04s,128GB,Damaged,1
Samsung,Galaxy A13,32GB,Brand New,15
Samsung,Galaxy A13,32GB,Excellent,15
Samsung,Galaxy A13,32GB,Good,10
Samsung,Galaxy A13,32GB,Damaged,5
Samsung,Galaxy A13,64GB,Brand New,15
Samsung,Galaxy A13,64GB,Excellent,15
Samsung,Galaxy A13,64GB,Good,10
Samsung,Galaxy A13,64GB,Damaged,5
Samsung,Galaxy A13,128GB,Brand New,15
Samsung,Galaxy A13,128GB,Excellent,15
Samsung,Galaxy A13,128GB,Good,10
Samsung,Galaxy A13,128GB,Damaged,5
Samsung,Galaxy A13 5G,64GB,Brand New,35
Samsung,Galaxy A13 5G,64GB,Excellent,35
Samsung,Galaxy A13 5G,64GB,Good,25
Samsung,Galaxy A13 5G,64GB,Damaged,10
Samsung,Galaxy A13 5G,128GB,Brand New,40
Samsung,Galaxy A13 5G,128GB,Excellent,35
Samsung,Galaxy A13 5G,128GB,Good,30
Samsung,Galaxy A13 5G,128GB,Damaged,15
Samsung,Galaxy A23,64GB,Brand New,35
Samsung,Galaxy A23,64GB,Excellent,35
Samsung,Galaxy A23,64GB,Good,25
Samsung,Galaxy A23,64GB,Damaged,10
Samsung,Galaxy A23,128GB,Brand New,35
Samsung,Galaxy A23,128GB,Excellent,30
Samsung,Galaxy A23,128GB,Good,25
Samsung,Galaxy A23,128GB,Damaged,10
Samsung,Galaxy A23 5G,64GB,Brand New,45
Samsung,Galaxy A23 5G,64GB,Excellent,40
Samsung,Galaxy A23 5G,64GB,Good,35
Samsung,Galaxy A23 5G,64GB,Damaged,15
Samsung,Galaxy A23 5G,128GB,Brand New,40
Samsung,Galaxy A23 5G,128GB,Excellent,40
Samsung,Galaxy A23 5G,128GB,Good,30
Samsung,Galaxy A23 5G,128GB,Damaged,15
Samsung,Galaxy A33 5G,128GB,Brand New,55
Samsung,Galaxy A33 5G,128GB,Excellent,50
Samsung,Galaxy A33 5G,128GB,Good,45
Samsung,Galaxy A33 5G,128GB,Damaged,20
Samsung,Galaxy A33 5G,256GB,Brand New,55
Samsung,Galaxy A33 5G,256GB,Excellent,50
Samsung,Galaxy A33 5G,256GB,Good,45
Samsung,Galaxy A33 5G,256GB,Damaged,20
Samsung,Galaxy A53 5G,128GB,Brand New,75
Samsung,Galaxy A53 5G,128GB,Excellent,70
Samsung,Galaxy A53 5G,128GB,Good,55
Samsung,Galaxy A53 5G,128GB,Damaged,25
Samsung,Galaxy A53 5G,256GB,Brand New,75
Samsung,Galaxy A53 5G,256GB,Excellent,70
Samsung,Galaxy A53 5G,256GB,Good,55
Samsung,Galaxy A53 5G,256GB,Damaged,25
Samsung,Galaxy A73 5G,128GB,Brand New,50
Samsung,Galaxy A73 5G,128GB,Excellent,50
Samsung,Galaxy A73 5G,128GB,Good,40
Samsung,Galaxy A73 5G,128GB,Damaged,20
Samsung,Galaxy A73 5G,256GB,Brand New,55
Samsung,Galaxy A73 5G,256GB,Excellent,50
Samsung,Galaxy A73 5G,256GB,Good,45
Samsung,Galaxy A73 5G,256GB,Damaged,20
Samsung,Galaxy M13,64GB,Brand New,30
Samsung,Galaxy M13,64GB,Excellent,30
Samsung,Galaxy M13,64GB,Good,25
Samsung,Galaxy M13,64GB,Damaged,10
Samsung,Galaxy M13,128GB,Brand New,30
Samsung,Galaxy M13,128GB,Excellent,30
Samsung,Galaxy M13,128GB,Good,25
Samsung,Galaxy M13,128GB,Damaged,10
Samsung,Galaxy M23 5G,128GB,Brand New,30
Samsung,Galaxy M23 5G,128GB,Excellent,30
Samsung,Galaxy M23 5G,128GB,Good,25
Samsung,Galaxy M23 5G,128GB,Damaged,10
Samsung,Galaxy M33 5G,128GB,Brand New,40
Samsung,Galaxy M33 5G,128GB,Excellent,40
Samsung,Galaxy M33 5G,128GB,Good,30
Samsung,Galaxy M33 5G,128GB,Damaged,15
Samsung,Galaxy M53 5G,128GB,Brand New,30
Samsung,Galaxy M53 5G,128GB,Excellent,30
Samsung,Galaxy M53 5G,128GB,Good,25
Samsung,Galaxy M53 5G,128GB,Damaged,10
Samsung,Galaxy M53 5G,256GB,Brand New,30
Samsung,Galaxy M53 5G,256GB,Excellent,30
Samsung,Galaxy M53 5G,256GB,Good,25
Samsung,Galaxy M53 5G,256GB,Damaged,10
Samsung,Galaxy S21 FE 5G,128GB,Brand New,80
Samsung,Galaxy S21 FE 5G,128GB,Excellent,75
Samsung,Galaxy S21 FE 5G,128GB,Good,60
Samsung,Galaxy S21 FE 5G,128GB,Damaged,25
Samsung,Galaxy S21 FE 5G,256GB,Brand New,75
Samsung,Galaxy S21 FE 5G,256GB,Excellent,75
Samsung,Galaxy S21 FE 5G,256GB,Good,60
Samsung,Galaxy S21 FE 5G,256GB,Damaged,25
Samsung,Galaxy S22,128GB,Brand New,115
Samsung,Galaxy S22,128GB,Excellent,115
Samsung,Galaxy S22,128GB,Good,90
Samsung,Galaxy S22,128GB,Damaged,40
Samsung,Galaxy S22,256GB,Brand New,140
Samsung,Galaxy S22,256GB,Excellent,135
Samsung,Galaxy S22,256GB,Good,110
Samsung,Galaxy S22,256GB,Damaged,50
Samsung,Galaxy S22 Ultra,128GB,Brand New,195
Samsung,Galaxy S22 Ultra,128GB,Excellent,185
Samsung,Galaxy S22 Ultra,128GB,Good,150
Samsung,Galaxy S22 Ultra,128GB,Damaged,70
Samsung,Galaxy S22 Ultra,256GB,Brand New,235
Samsung,Galaxy S22 Ultra,256GB,Excellent,225
Samsung,Galaxy S22 Ultra,256GB,Good,180
Samsung,Galaxy S22 Ultra,256GB,Damaged,80
Samsung,Galaxy S22 Ultra,512GB,Brand New,245
Samsung,Galaxy S22 Ultra,512GB,Excellent,240
Samsung,Galaxy S22 Ultra,512GB,Good,190
Samsung,Galaxy S22 Ultra,512GB,Damaged,85
Samsung,Galaxy S22 Ultra,1TB,Brand New,255
Samsung,Galaxy S22 Ultra,1TB,Excellent,245
Samsung,Galaxy S22 Ultra,1TB,Good,200
Samsung,Galaxy S22 Ultra,1TB,Damaged,90
Samsung,Galaxy S22+,128GB,Brand New,135
Samsung,Galaxy S22+,128GB,Excellent,130
Samsung,Galaxy S22+,128GB,Good,105
Samsung,Galaxy S22+,128GB,Damaged,45
Samsung,Galaxy S22+,256GB,Brand New,145
Samsung,Galaxy S22+,256GB,Excellent,135
Samsung,Galaxy S22+,256GB,Good,110
Samsung,Galaxy S22+,256GB,Damaged,50
Samsung,Galaxy XCover6 Pro,128GB,Brand New,40
Samsung,Galaxy XCover6 Pro,128GB,Excellent,40
Samsung,Galaxy XCover6 Pro,128GB,Good,30
Samsung,Galaxy XCover6 Pro,128GB,Damaged,15
Samsung,Galaxy Z Flip4,128GB,Brand New,90
Samsung,Galaxy Z Flip4,128GB,Excellent,85
Samsung,Galaxy Z Flip4,128GB,Good,70
Samsung,Galaxy Z Flip4,128GB,Damaged,20
Samsung,Galaxy Z Flip4,256GB,Brand New,100
Samsung,Galaxy Z Flip4,256GB,Excellent,95
Samsung,Galaxy Z Flip4,256GB,Good,75
Samsung,Galaxy Z Flip4,256GB,Damaged,25
Samsung,Galaxy Z Flip4,512GB,Brand New,110
Samsung,Galaxy Z Flip4,512GB,Excellent,105
Samsung,Galaxy Z Flip4,512GB,Good,85
Samsung,Galaxy Z Flip4,512GB,Damaged,25
Samsung,Galaxy Z Fold4,256GB,Brand New,205
Samsung,Galaxy Z Fold4,256GB,Excellent,195
Samsung,Galaxy Z Fold4,256GB,Good,160
Samsung,Galaxy Z Fold4,256GB,Damaged,45
Samsung,Galaxy Z Fold4,512GB,Brand New,215
Samsung,Galaxy Z Fold4,512GB,Excellent,205
Samsung,Galaxy Z Fold4,512GB,Good,165
Samsung,Galaxy Z Fold4,512GB,Damaged,50
Samsung,Galaxy Z Fold4,1TB,Brand New,205
Samsung,Galaxy Z Fold4,1TB,Excellent,200
Samsung,Galaxy Z Fold4,1TB,Good,160
Samsung,Galaxy Z Fold4,1TB,Damaged,50
Samsung,Galaxy A05,64GB,Brand New,30
Samsung,Galaxy A05,64GB,Excellent,30
Samsung,Galaxy A05,64GB,Good,25
Samsung,Galaxy A05,64GB,Damaged,10
Samsung,Galaxy A05,128GB,Brand New,30
Samsung,Galaxy A05,128GB,Excellent,30
Samsung,Galaxy A05,128GB,Good,25
Samsung,Galaxy A05,128GB,Damaged,10
Samsung,Galaxy A05s,64GB,Brand New,30
Samsung,Galaxy A05s,64GB,Excellent,30
Samsung,Galaxy A05s,64GB,Good,25
Samsung,Galaxy A05s,64GB,Damaged,10
Samsung,Galaxy A05s,128GB,Brand New,30
Samsung,Galaxy A05s,128GB,Excellent,30
Samsung,Galaxy A05s,128GB,Good,25
Samsung,Galaxy A05s,128GB,Damaged,10
Samsung,Galaxy A14,64GB,Brand New,20
Samsung,Galaxy A14,64GB,Excellent,15
Samsung,Galaxy A14,64GB,Good,15
Samsung,Galaxy A14,64GB,Damaged,5
Samsung,Galaxy A14,128GB,Brand New,20
Samsung,Galaxy A14,128GB,Excellent,15
Samsung,Galaxy A14,128GB,Good,15
Samsung,Galaxy A14,128GB,Damaged,5
Samsung,Galaxy A14 5G,64GB,Brand New,35
Samsung,Galaxy A14 5G,64GB,Excellent,30
Samsung,Galaxy A14 5G,64GB,Good,25
Samsung,Galaxy A14 5G,64GB,Damaged,10
Samsung,Galaxy A14 5G,128GB,Brand New,35
Samsung,Galaxy A14 5G,128GB,Excellent,30
Samsung,Galaxy A14 5G,128GB,Good,25
Samsung,Galaxy A14 5G,128GB,Damaged,10
Samsung,Galaxy A24,128GB,Brand New,40
Samsung,Galaxy A24,128GB,Excellent,40
Samsung,Galaxy A24,128GB,Good,30
Samsung,Galaxy A24,128GB,Damaged,15
Samsung,Galaxy A25 5G,128GB,Brand New,65
Samsung,Galaxy A25 5G,128GB,Excellent,65
Samsung,Galaxy A25 5G,128GB,Good,50
Samsung,Galaxy A25 5G,128GB,Damaged,25
Samsung,Galaxy A25 5G,256GB,Brand New,65
Samsung,Galaxy A25 5G,256GB,Excellent,65
Samsung,Galaxy A25 5G,256GB,Good,50
Samsung,Galaxy A25 5G,256GB,Damaged,25
Samsung,Galaxy A34 5G,128GB,Brand New,55
Samsung,Galaxy A34 5G,128GB,Excellent,50
Samsung,Galaxy A34 5G,128GB,Good,45
Samsung,Galaxy A34 5G,128GB,Damaged,20
Samsung,Galaxy A34 5G,256GB,Brand New,60
Samsung,Galaxy A34 5G,256GB,Excellent,55
Samsung,Galaxy A34 5G,256GB,Good,45
Samsung,Galaxy A34 5G,256GB,Damaged,20
Samsung,Galaxy A54 5G,128GB,Brand New,100
Samsung,Galaxy A54 5G,128GB,Excellent,100
Samsung,Galaxy A54 5G,128GB,Good,80
Samsung,Galaxy A54 5G,128GB,Damaged,35
Samsung,Galaxy A54 5G,256GB,Brand New,115
Samsung,Galaxy A54 5G,256GB,Excellent,110
Samsung,Galaxy A54 5G,256GB,Good,90
Samsung,Galaxy A54 5G,256GB,Damaged,40
Samsung,Galaxy S23,128GB,Brand New,150
Samsung,Galaxy S23,128GB,Excellent,145
Samsung,Galaxy S23,128GB,Good,120
Samsung,Galaxy S23,128GB,Damaged,55
Samsung,Galaxy S23,256GB,Brand New,170
Samsung,Galaxy S23,256GB,Excellent,165
Samsung,Galaxy S23,256GB,Good,135
Samsung,Galaxy S23,256GB,Damaged,60
Samsung,Galaxy S23,512GB,Brand New,185
Samsung,Galaxy S23,512GB,Excellent,180
Samsung,Galaxy S23,512GB,Good,145
Samsung,Galaxy S23,512GB,Damaged,65
Samsung,Galaxy S23 FE,128GB,Brand New,75
Samsung,Galaxy S23 FE,128GB,Excellent,75
Samsung,Galaxy S23 FE,128GB,Good,60
Samsung,Galaxy S23 FE,128GB,Damaged,25
Samsung,Galaxy S23 FE,256GB,Brand New,95
Samsung,Galaxy S23 FE,256GB,Excellent,90
Samsung,Galaxy S23 FE,256GB,Good,70
Samsung,Galaxy S23 FE,256GB,Damaged,30
Samsung,Galaxy S23 Ultra,256GB,Brand New,265
Samsung,Galaxy S23 Ultra,256GB,Excellent,255
Samsung,Galaxy S23 Ultra,256GB,Good,205
Samsung,Galaxy S23 Ultra,256GB,Damaged,95
Samsung,Galaxy S23 Ultra,512GB,Brand New,310
Samsung,Galaxy S23 Ultra,512GB,Excellent,300
Samsung,Galaxy S23 Ultra,512GB,Good,240
Samsung,Galaxy S23 Ultra,512GB,Damaged,110
Samsung,Galaxy S23 Ultra,1TB,Brand New,340
Samsung,Galaxy S23 Ultra,1TB,Excellent,330
Samsung,Galaxy S23 Ultra,1TB,Good,265
Samsung,Galaxy S23 Ultra,1TB,Damaged,120
Samsung,Galaxy S23+,256GB,Brand New,195
Samsung,Galaxy S23+,256GB,Excellent,190
Samsung,Galaxy S23+,256GB,Good,150
Samsung,Galaxy S23+,256GB,Damaged,70
Samsung,Galaxy S23+,512GB,Brand New,240
Samsung,Galaxy S23+,512GB,Excellent,230
Samsung,Galaxy S23+,512GB,Good,185
Samsung,Galaxy S23+,512GB,Damaged,80
Samsung,Galaxy Z Flip5,256GB,Brand New,160
Samsung,Galaxy Z Flip5,256GB,Excellent,160
Samsung,Galaxy Z Flip5,256GB,Good,125
Samsung,Galaxy Z Flip5,256GB,Damaged,35
Samsung,Galaxy Z Flip5,512GB,Brand New,185
Samsung,Galaxy Z Flip5,512GB,Excellent,180
Samsung,Galaxy Z Flip5,512GB,Good,145
Samsung,Galaxy Z Flip5,512GB,Damaged,45
Samsung,Galaxy Z Fold5,256GB,Brand New,335
Samsung,Galaxy Z Fold5,256GB,Excellent,320
Samsung,Galaxy Z Fold5,256GB,Good,255
Samsung,Galaxy Z Fold5,256GB,Damaged,75
Samsung,Galaxy Z Fold5,512GB,Brand New,345
Samsung,Galaxy Z Fold5,512GB,Excellent,335
Samsung,Galaxy Z Fold5,512GB,Good,270
Samsung,Galaxy Z Fold5,512GB,Damaged,80
Samsung,Galaxy Z Fold5,1TB,Brand New,365
Samsung,Galaxy Z Fold5,1TB,Excellent,350
Samsung,Galaxy Z Fold5,1TB,Good,285
Samsung,Galaxy Z Fold5,1TB,Damaged,85
Samsung,Galaxy A06,64GB,Brand New,30
Samsung,Galaxy A06,64GB,Excellent,30
Samsung,Galaxy A06,64GB,Good,25
Samsung,Galaxy A06,64GB,Damaged,10
Samsung,Galaxy A06,128GB,Brand New,30
Samsung,Galaxy A06,128GB,Excellent,30
Samsung,Galaxy A06,128GB,Good,25
Samsung,Galaxy A06,128GB,Damaged,10
Samsung,Galaxy A15,128GB,Brand New,50
Samsung,Galaxy A15,128GB,Excellent,45
Samsung,Galaxy A15,128GB,Good,40
Samsung,Galaxy A15,128GB,Damaged,15
Samsung,Galaxy A15,256GB,Brand New,40
Samsung,Galaxy A15,256GB,Excellent,40
Samsung,Galaxy A15,256GB,Good,30
Samsung,Galaxy A15,256GB,Damaged,15
Samsung,Galaxy A15 5G,128GB,Brand New,50
Samsung,Galaxy A15 5G,128GB,Excellent,50
Samsung,Galaxy A15 5G,128GB,Good,40
Samsung,Galaxy A15 5G,128GB,Damaged,20
Samsung,Galaxy A15 5G,256GB,Brand New,50
Samsung,Galaxy A15 5G,256GB,Excellent,50
Samsung,Galaxy A15 5G,256GB,Good,40
Samsung,Galaxy A15 5G,256GB,Damaged,20
Samsung,Galaxy A16,128GB,Brand New,50
Samsung,Galaxy A16,128GB,Excellent,50
Samsung,Galaxy A16,128GB,Good,40
Samsung,Galaxy A16,128GB,Damaged,20
Samsung,Galaxy A16,256GB,Brand New,55
Samsung,Galaxy A16,256GB,Excellent,50
Samsung,Galaxy A16,256GB,Good,45
Samsung,Galaxy A16,256GB,Damaged,20
Samsung,Galaxy A16 5G,128GB,Brand New,45
Samsung,Galaxy A16 5G,128GB,Excellent,45
Samsung,Galaxy A16 5G,128GB,Good,35
Samsung,Galaxy A16 5G,128GB,Damaged,15
Samsung,Galaxy A16 5G,256GB,Brand New,45
Samsung,Galaxy A16 5G,256GB,Excellent,40
Samsung,Galaxy A16 5G,256GB,Good,35
Samsung,Galaxy A16 5G,256GB,Damaged,15
Samsung,Galaxy A35 5G,128GB,Brand New,65
Samsung,Galaxy A35 5G,128GB,Excellent,60
Samsung,Galaxy A35 5G,128GB,Good,50
Samsung,Galaxy A35 5G,128GB,Damaged,25
Samsung,Galaxy A35 5G,256GB,Brand New,75
Samsung,Galaxy A35 5G,256GB,Excellent,70
Samsung,Galaxy A35 5G,256GB,Good,55
Samsung,Galaxy A35 5G,256GB,Damaged,25
Samsung,Galaxy A55 5G,128GB,Brand New,125
Samsung,Galaxy A55 5G,128GB,Excellent,120
Samsung,Galaxy A55 5G,128GB,Good,95
Samsung,Galaxy A55 5G,128GB,Damaged,45
Samsung,Galaxy A55 5G,256GB,Brand New,150
Samsung,Galaxy A55 5G,256GB,Excellent,145
Samsung,Galaxy A55 5G,256GB,Good,120
Samsung,Galaxy A55 5G,256GB,Damaged,55
Samsung,Galaxy S24,128GB,Brand New,235
Samsung,Galaxy S24,128GB,Excellent,225
Samsung,Galaxy S24,128GB,Good,180
Samsung,Galaxy S24,128GB,Damaged,80
Samsung,Galaxy S24,256GB,Brand New,240
Samsung,Galaxy S24,256GB,Excellent,240
Samsung,Galaxy S24,256GB,Good,190
Samsung,Galaxy S24,256GB,Damaged,85
Samsung,Galaxy S24,512GB,Brand New,255
Samsung,Galaxy S24,512GB,Excellent,245
Samsung,Galaxy S24,512GB,Good,200
Samsung,Galaxy S24,512GB,Damaged,90
Samsung,Galaxy S24 FE,128GB,Brand New,215
Samsung,Galaxy S24 FE,128GB,Excellent,205
Samsung,Galaxy S24 FE,128GB,Good,165
Samsung,Galaxy S24 FE,128GB,Damaged,75
Samsung,Galaxy S24 FE,256GB,Brand New,235
Samsung,Galaxy S24 FE,256GB,Excellent,225
Samsung,Galaxy S24 FE,256GB,Good,180
Samsung,Galaxy S24 FE,256GB,Damaged,80
Samsung,Galaxy S24 FE,512GB,Brand New,210
Samsung,Galaxy S24 FE,512GB,Excellent,200
Samsung,Galaxy S24 FE,512GB,Good,160
Samsung,Galaxy S24 FE,512GB,Damaged,70
Samsung,Galaxy S24 Ultra,256GB,Brand New,365
Samsung,Galaxy S24 Ultra,256GB,Excellent,345
Samsung,Galaxy S24 Ultra,256GB,Good,300
Samsung,Galaxy S24 Ultra,256GB,Damaged,125
Samsung,Galaxy S24 Ultra,512GB,Brand New,395
Samsung,Galaxy S24 Ultra,512GB,Excellent,370
Samsung,Galaxy S24 Ultra,512GB,Good,325
Samsung,Galaxy S24 Ultra,512GB,Damaged,135
Samsung,Galaxy S24 Ultra,1TB,Brand New,425
Samsung,Galaxy S24 Ultra,1TB,Excellent,410
Samsung,Galaxy S24 Ultra,1TB,Good,355
Samsung,Galaxy S24 Ultra,1TB,Damaged,135
Samsung,Galaxy S24+,256GB,Brand New,285
Samsung,Galaxy S24+,256GB,Excellent,275
Samsung,Galaxy S24+,256GB,Good,225
Samsung,Galaxy S24+,256GB,Damaged,100
Samsung,Galaxy S24+,512GB,Brand New,320
Samsung,Galaxy S24+,512GB,Excellent,310
Samsung,Galaxy S24+,512GB,Good,245
Samsung,Galaxy S24+,512GB,Damaged,115
Samsung,Galaxy XCover7,128GB,Brand New,50
Samsung,Galaxy XCover7,128GB,Excellent,50
Samsung,Galaxy XCover7,128GB,Good,40
Samsung,Galaxy XCover7,128GB,Damaged,20
Samsung,Galaxy Z Flip6,256GB,Brand New,245
Samsung,Galaxy Z Flip6,256GB,Excellent,235
Samsung,Galaxy Z Flip6,256GB,Good,190
Samsung,Galaxy Z Flip6,256GB,Damaged,60
Samsung,Galaxy Z Flip6,512GB,Brand New,255
Samsung,Galaxy Z Flip6,512GB,Excellent,250
Samsung,Galaxy Z Flip6,512GB,Good,205
Samsung,Galaxy Z Flip6,512GB,Damaged,60
Samsung,Galaxy Z Fold6,256GB,Brand New,435
Samsung,Galaxy Z Fold6,256GB,Excellent,420
Samsung,Galaxy Z Fold6,256GB,Good,340
Samsung,Galaxy Z Fold6,256GB,Damaged,100
Samsung,Galaxy Z Fold6,512GB,Brand New,495
Samsung,Galaxy Z Fold6,512GB,Excellent,475
Samsung,Galaxy Z Fold6,512GB,Good,385
Samsung,Galaxy Z Fold6,512GB,Damaged,115
Samsung,Galaxy Z Fold6,1TB,Brand New,560
Samsung,Galaxy Z Fold6,1TB,Excellent,535
Samsung,Galaxy Z Fold6,1TB,Good,430
Samsung,Galaxy Z Fold6,1TB,Damaged,130
Samsung,Galaxy A06 5G,64GB,Brand New,35
Samsung,Galaxy A06 5G,64GB,Excellent,35
Samsung,Galaxy A06 5G,64GB,Good,25
Samsung,Galaxy A06 5G,64GB,Damaged,10
Samsung,Galaxy A06 5G,128GB,Brand New,40
Samsung,Galaxy A06 5G,128GB,Excellent,35
Samsung,Galaxy A06 5G,128GB,Good,30
Samsung,Galaxy A06 5G,128GB,Damaged,15
Samsung,Galaxy A26 5G,128GB,Brand New,65
Samsung,Galaxy A26 5G,128GB,Excellent,60
Samsung,Galaxy A26 5G,128GB,Good,50
Samsung,Galaxy A26 5G,128GB,Damaged,25
Samsung,Galaxy A26 5G,256GB,Brand New,70
Samsung,Galaxy A26 5G,256GB,Excellent,70
Samsung,Galaxy A26 5G,256GB,Good,55
Samsung,Galaxy A26 5G,256GB,Damaged,25
Samsung,Galaxy A36 5G,128GB,Brand New,95
Samsung,Galaxy A36 5G,128GB,Excellent,90
Samsung,Galaxy A36 5G,128GB,Good,70
Samsung,Galaxy A36 5G,128GB,Damaged,30
Samsung,Galaxy A36 5G,256GB,Brand New,95
Samsung,Galaxy A36 5G,256GB,Excellent,95
Samsung,Galaxy A36 5G,256GB,Good,75
Samsung,Galaxy A36 5G,256GB,Damaged,35
Samsung,Galaxy A56 5G,128GB,Brand New,150
Samsung,Galaxy A56 5G,128GB,Excellent,145
Samsung,Galaxy A56 5G,128GB,Good,120
Samsung,Galaxy A56 5G,128GB,Damaged,55
Samsung,Galaxy A56 5G,256GB,Brand New,160
Samsung,Galaxy A56 5G,256GB,Excellent,150
Samsung,Galaxy A56 5G,256GB,Good,125
Samsung,Galaxy A56 5G,256GB,Damaged,55
Samsung,Galaxy S25,128GB,Brand New,310
Samsung,Galaxy S25,128GB,Excellent,300
Samsung,Galaxy S25,128GB,Good,240
Samsung,Galaxy S25,128GB,Damaged,110
Samsung,Galaxy S25,256GB,Brand New,335
Samsung,Galaxy S25,256GB,Excellent,320
Samsung,Galaxy S25,256GB,Good,255
Samsung,Galaxy S25,256GB,Damaged,115
Samsung,Galaxy S25,512GB,Brand New,360
Samsung,Galaxy S25,512GB,Excellent,345
Samsung,Galaxy S25,512GB,Good,280
Samsung,Galaxy S25,512GB,Damaged,125
Samsung,Galaxy S25 Edge,256GB,Brand New,335
Samsung,Galaxy S25 Edge,256GB,Excellent,320
Samsung,Galaxy S25 Edge,256GB,Good,255
Samsung,Galaxy S25 Edge,256GB,Damaged,115
Samsung,Galaxy S25 Edge,512GB,Brand New,355
Samsung,Galaxy S25 Edge,512GB,Excellent,340
Samsung,Galaxy S25 Edge,512GB,Good,275
Samsung,Galaxy S25 Edge,512GB,Damaged,125
Samsung,Galaxy S25 FE,128GB,Brand New,220
Samsung,Galaxy S25 FE,128GB,Excellent,210
Samsung,Galaxy S25 FE,128GB,Good,165
Samsung,Galaxy S25 FE,128GB,Damaged,75
Samsung,Galaxy S25 FE,256GB,Brand New,235
Samsung,Galaxy S25 FE,256GB,Excellent,225
Samsung,Galaxy S25 FE,256GB,Good,180
Samsung,Galaxy S25 FE,256GB,Damaged,80
Samsung,Galaxy S25 FE,512GB,Brand New,250
Samsung,Galaxy S25 FE,512GB,Excellent,240
Samsung,Galaxy S25 FE,512GB,Good,195
Samsung,Galaxy S25 FE,512GB,Damaged,90
Samsung,Galaxy S25 Ultra,256GB,Brand New,500
Samsung,Galaxy S25 Ultra,256GB,Excellent,480
Samsung,Galaxy S25 Ultra,256GB,Good,385
Samsung,Galaxy S25 Ultra,256GB,Damaged,175
Samsung,Galaxy S25 Ultra,512GB,Brand New,545
Samsung,Galaxy S25 Ultra,512GB,Excellent,525
Samsung,Galaxy S25 Ultra,512GB,Good,425
Samsung,Galaxy S25 Ultra,512GB,Damaged,195
Samsung,Galaxy S25 Ultra,1TB,Brand New,620
Samsung,Galaxy S25 Ultra,1TB,Excellent,600
Samsung,Galaxy S25 Ultra,1TB,Good,485
Samsung,Galaxy S25 Ultra,1TB,Damaged,215
Samsung,Galaxy S25+,256GB,Brand New,390
Samsung,Galaxy S25+,256GB,Excellent,375
Samsung,Galaxy S25+,256GB,Good,305
Samsung,Galaxy S25+,256GB,Damaged,135
Samsung,Galaxy S25+,512GB,Brand New,430
Samsung,Galaxy S25+,512GB,Excellent,410
Samsung,Galaxy S25+,512GB,Good,335
Samsung,Galaxy S25+,512GB,Damaged,150
Samsung,Galaxy Z Flip7,256GB,Brand New,370
Samsung,Galaxy Z Flip7,256GB,Excellent,355
Samsung,Galaxy Z Flip7,256GB,Good,290
Samsung,Galaxy Z Flip7,256GB,Damaged,85
Samsung,Galaxy Z Flip7,512GB,Brand New,420
Samsung,Galaxy Z Flip7,512GB,Excellent,400
Samsung,Galaxy Z Flip7,512GB,Good,325
Samsung,Galaxy Z Flip7,512GB,Damaged,100
Samsung,Galaxy Z Flip7 FE,128GB,Brand New,265
Samsung,Galaxy Z Flip7 FE,128GB,Excellent,255
Samsung,Galaxy Z Flip7 FE,128GB,Good,205
Samsung,Galaxy Z Flip7 FE,128GB,Damaged,65
Samsung,Galaxy Z Flip7 FE,256GB,Brand New,300
Samsung,Galaxy Z Flip7 FE,256GB,Excellent,290
Samsung,Galaxy Z Flip7 FE,256GB,Good,235
Samsung,Galaxy Z Flip7 FE,256GB,Damaged,70
Samsung,Galaxy Z Fold7,256GB,Brand New,625
Samsung,Galaxy Z Fold7,256GB,Excellent,605
Samsung,Galaxy Z Fold7,256GB,Good,485
Samsung,Galaxy Z Fold7,256GB,Damaged,145
Samsung,Galaxy Z Fold7,512GB,Brand New,660
Samsung,Galaxy Z Fold7,512GB,Excellent,640
Samsung,Galaxy Z Fold7,512GB,Good,520
Samsung,Galaxy Z Fold7,512GB,Damaged,155
Samsung,Galaxy Z Fold7,1TB,Brand New,730
Samsung,Galaxy Z Fold7,1TB,Excellent,700
Samsung,Galaxy Z Fold7,1TB,Good,565
Samsung,Galaxy Z Fold7,1TB,Damaged,165
Samsung,Galaxy A27 5G,128GB,Brand New,115
Samsung,Galaxy A27 5G,128GB,Excellent,110
Samsung,Galaxy A27 5G,128GB,Good,85
Samsung,Galaxy A27 5G,128GB,Damaged,40
Samsung,Galaxy A27 5G,256GB,Brand New,125
Samsung,Galaxy A27 5G,256GB,Excellent,120
Samsung,Galaxy A27 5G,256GB,Good,95
Samsung,Galaxy A27 5G,256GB,Damaged,45
Samsung,Galaxy A37 5G,128GB,Brand New,105
Samsung,Galaxy A37 5G,128GB,Excellent,100
Samsung,Galaxy A37 5G,128GB,Good,80
Samsung,Galaxy A37 5G,128GB,Damaged,35
Samsung,Galaxy A37 5G,256GB,Brand New,130
Samsung,Galaxy A37 5G,256GB,Excellent,125
Samsung,Galaxy A37 5G,256GB,Good,100
Samsung,Galaxy A37 5G,256GB,Damaged,45
Samsung,Galaxy A57 5G,128GB,Brand New,155
Samsung,Galaxy A57 5G,128GB,Excellent,150
Samsung,Galaxy A57 5G,128GB,Good,125
Samsung,Galaxy A57 5G,128GB,Damaged,55
Samsung,Galaxy A57 5G,256GB,Brand New,170
Samsung,Galaxy A57 5G,256GB,Excellent,160
Samsung,Galaxy A57 5G,256GB,Good,135
Samsung,Galaxy A57 5G,256GB,Damaged,60
Samsung,Galaxy A57 5G,512GB,Brand New,200
Samsung,Galaxy A57 5G,512GB,Excellent,195
Samsung,Galaxy A57 5G,512GB,Good,155
Samsung,Galaxy A57 5G,512GB,Damaged,70
Samsung,Galaxy S26,256GB,Brand New,380
Samsung,Galaxy S26,256GB,Excellent,365
Samsung,Galaxy S26,256GB,Good,295
Samsung,Galaxy S26,256GB,Damaged,135
Samsung,Galaxy S26,512GB,Brand New,465
Samsung,Galaxy S26,512GB,Excellent,445
Samsung,Galaxy S26,512GB,Good,360
Samsung,Galaxy S26,512GB,Damaged,160
Samsung,Galaxy S26 Ultra,256GB,Brand New,670
Samsung,Galaxy S26 Ultra,256GB,Excellent,640
Samsung,Galaxy S26 Ultra,256GB,Good,520
Samsung,Galaxy S26 Ultra,256GB,Damaged,235
Samsung,Galaxy S26 Ultra,512GB,Brand New,715
Samsung,Galaxy S26 Ultra,512GB,Excellent,695
Samsung,Galaxy S26 Ultra,512GB,Good,560
Samsung,Galaxy S26 Ultra,512GB,Damaged,250
Samsung,Galaxy S26 Ultra,1TB,Brand New,780
Samsung,Galaxy S26 Ultra,1TB,Excellent,750
Samsung,Galaxy S26 Ultra,1TB,Good,610
Samsung,Galaxy S26 Ultra,1TB,Damaged,275
Samsung,Galaxy S26+,256GB,Brand New,525
Samsung,Galaxy S26+,256GB,Excellent,505
Samsung,Galaxy S26+,256GB,Good,410
Samsung,Galaxy S26+,256GB,Damaged,185
Samsung,Galaxy S26+,512GB,Brand New,575
Samsung,Galaxy S26+,512GB,Excellent,555
Samsung,Galaxy S26+,512GB,Good,445
Samsung,Galaxy S26+,512GB,Damaged,205
Google,Pixel 3a,64GB,Brand New,20
Google,Pixel 3a,64GB,Excellent,20
Google,Pixel 3a,64GB,Good,15
Google,Pixel 3a,64GB,Damaged,5
Google,Pixel 3a XL,64GB,Brand New,25
Google,Pixel 3a XL,64GB,Excellent,25
Google,Pixel 3a XL,64GB,Good,20
Google,Pixel 3a XL,64GB,Damaged,5
Google,Pixel 4,64GB,Brand New,25
Google,Pixel 4,64GB,Excellent,25
Google,Pixel 4,64GB,Good,20
Google,Pixel 4,64GB,Damaged,5
Google,Pixel 4,128GB,Brand New,25
Google,Pixel 4,128GB,Excellent,25
Google,Pixel 4,128GB,Good,20
Google,Pixel 4,128GB,Damaged,5
Google,Pixel 4 XL,64GB,Brand New,30
Google,Pixel 4 XL,64GB,Excellent,30
Google,Pixel 4 XL,64GB,Good,25
Google,Pixel 4 XL,64GB,Damaged,5
Google,Pixel 4 XL,128GB,Brand New,30
Google,Pixel 4 XL,128GB,Excellent,30
Google,Pixel 4 XL,128GB,Good,25
Google,Pixel 4 XL,128GB,Damaged,5
Google,Pixel 4a,128GB,Brand New,25
Google,Pixel 4a,128GB,Excellent,25
Google,Pixel 4a,128GB,Good,20
Google,Pixel 4a,128GB,Damaged,5
Google,Pixel 4a 5G,128GB,Brand New,30
Google,Pixel 4a 5G,128GB,Excellent,30
Google,Pixel 4a 5G,128GB,Good,25
Google,Pixel 4a 5G,128GB,Damaged,5
Google,Pixel 5,128GB,Brand New,25
Google,Pixel 5,128GB,Excellent,25
Google,Pixel 5,128GB,Good,20
Google,Pixel 5,128GB,Damaged,5
Google,Pixel 5a 5G,128GB,Brand New,30
Google,Pixel 5a 5G,128GB,Excellent,30
Google,Pixel 5a 5G,128GB,Good,25
Google,Pixel 5a 5G,128GB,Damaged,5
Google,Pixel 6,128GB,Brand New,45
Google,Pixel 6,128GB,Excellent,40
Google,Pixel 6,128GB,Good,35
Google,Pixel 6,128GB,Damaged,10
Google,Pixel 6,256GB,Brand New,50
Google,Pixel 6,256GB,Excellent,45
Google,Pixel 6,256GB,Good,40
Google,Pixel 6,256GB,Damaged,10
Google,Pixel 6 Pro,128GB,Brand New,55
Google,Pixel 6 Pro,128GB,Excellent,50
Google,Pixel 6 Pro,128GB,Good,45
Google,Pixel 6 Pro,128GB,Damaged,15
Google,Pixel 6 Pro,256GB,Brand New,60
Google,Pixel 6 Pro,256GB,Excellent,55
Google,Pixel 6 Pro,256GB,Good,45
Google,Pixel 6 Pro,256GB,Damaged,15
Google,Pixel 6 Pro,512GB,Brand New,65
Google,Pixel 6 Pro,512GB,Excellent,60
Google,Pixel 6 Pro,512GB,Good,50
Google,Pixel 6 Pro,512GB,Damaged,15
Google,Pixel 6a,128GB,Brand New,40
Google,Pixel 6a,128GB,Excellent,35
Google,Pixel 6a,128GB,Good,30
Google,Pixel 6a,128GB,Damaged,10
Google,Pixel 7,128GB,Brand New,90
Google,Pixel 7,128GB,Excellent,85
Google,Pixel 7,128GB,Good,70
Google,Pixel 7,128GB,Damaged,25
Google,Pixel 7,256GB,Brand New,100
Google,Pixel 7,256GB,Excellent,95
Google,Pixel 7,256GB,Good,80
Google,Pixel 7,256GB,Damaged,25
Google,Pixel 7 Pro,128GB,Brand New,115
Google,Pixel 7 Pro,128GB,Excellent,110
Google,Pixel 7 Pro,128GB,Good,90
Google,Pixel 7 Pro,128GB,Damaged,25
Google,Pixel 7 Pro,256GB,Brand New,125
Google,Pixel 7 Pro,256GB,Excellent,120
Google,Pixel 7 Pro,256GB,Good,100
Google,Pixel 7 Pro,256GB,Damaged,30
Google,Pixel 7 Pro,512GB,Brand New,145
Google,Pixel 7 Pro,512GB,Excellent,135
Google,Pixel 7 Pro,512GB,Good,120
Google,Pixel 7 Pro,512GB,Damaged,35
Google,Pixel 7a,128GB,Brand New,65
Google,Pixel 7a,128GB,Excellent,60
Google,Pixel 7a,128GB,Good,50
Google,Pixel 7a,128GB,Damaged,15
Google,Pixel 8,128GB,Brand New,145
Google,Pixel 8,128GB,Excellent,135
Google,Pixel 8,128GB,Good,115
Google,Pixel 8,128GB,Damaged,35
Google,Pixel 8,256GB,Brand New,150
Google,Pixel 8,256GB,Excellent,145
Google,Pixel 8,256GB,Good,120
Google,Pixel 8,256GB,Damaged,35
Google,Pixel 8 Pro,128GB,Brand New,155
Google,Pixel 8 Pro,128GB,Excellent,145
Google,Pixel 8 Pro,128GB,Good,125
Google,Pixel 8 Pro,128GB,Damaged,40
Google,Pixel 8 Pro,256GB,Brand New,170
Google,Pixel 8 Pro,256GB,Excellent,160
Google,Pixel 8 Pro,256GB,Good,140
Google,Pixel 8 Pro,256GB,Damaged,45
Google,Pixel 8 Pro,512GB,Brand New,185
Google,Pixel 8 Pro,512GB,Excellent,175
Google,Pixel 8 Pro,512GB,Good,145
Google,Pixel 8 Pro,512GB,Damaged,50
Google,Pixel 8 Pro,1TB,Brand New,185
Google,Pixel 8 Pro,1TB,Excellent,175
Google,Pixel 8 Pro,1TB,Good,145
Google,Pixel 8 Pro,1TB,Damaged,50
Google,Pixel Fold,256GB,Brand New,205
Google,Pixel Fold,256GB,Excellent,205
Google,Pixel Fold,256GB,Good,160
Google,Pixel Fold,256GB,Damaged,50
Google,Pixel Fold,512GB,Brand New,225
Google,Pixel Fold,512GB,Excellent,215
Google,Pixel Fold,512GB,Good,175
Google,Pixel Fold,512GB,Damaged,55
Google,Pixel 8a,128GB,Brand New,120
Google,Pixel 8a,128GB,Excellent,115
Google,Pixel 8a,128GB,Good,90
Google,Pixel 8a,128GB,Damaged,30
Google,Pixel 8a,256GB,Brand New,130
Google,Pixel 8a,256GB,Excellent,125
Google,Pixel 8a,256GB,Good,100
Google,Pixel 8a,256GB,Damaged,30
Google,Pixel 9,128GB,Brand New,200
Google,Pixel 9,128GB,Excellent,185
Google,Pixel 9,128GB,Good,155
Google,Pixel 9,128GB,Damaged,55
Google,Pixel 9,256GB,Brand New,205
Google,Pixel 9,256GB,Excellent,190
Google,Pixel 9,256GB,Good,165
Google,Pixel 9,256GB,Damaged,55
Google,Pixel 9 Pro,128GB,Brand New,270
Google,Pixel 9 Pro,128GB,Excellent,255
Google,Pixel 9 Pro,128GB,Good,220
Google,Pixel 9 Pro,128GB,Damaged,70
Google,Pixel 9 Pro,256GB,Brand New,290
Google,Pixel 9 Pro,256GB,Excellent,275
Google,Pixel 9 Pro,256GB,Good,235
Google,Pixel 9 Pro,256GB,Damaged,75
Google,Pixel 9 Pro,512GB,Brand New,310
Google,Pixel 9 Pro,512GB,Excellent,295
Google,Pixel 9 Pro,512GB,Good,250
Google,Pixel 9 Pro,512GB,Damaged,80
Google,Pixel 9 Pro,1TB,Brand New,355
Google,Pixel 9 Pro,1TB,Excellent,335
Google,Pixel 9 Pro,1TB,Good,285
Google,Pixel 9 Pro,1TB,Damaged,90
Google,Pixel 9 Pro Fold,256GB,Brand New,310
Google,Pixel 9 Pro Fold,256GB,Excellent,300
Google,Pixel 9 Pro Fold,256GB,Good,245
Google,Pixel 9 Pro Fold,256GB,Damaged,70
Google,Pixel 9 Pro Fold,512GB,Brand New,340
Google,Pixel 9 Pro Fold,512GB,Excellent,325
Google,Pixel 9 Pro Fold,512GB,Good,260
Google,Pixel 9 Pro Fold,512GB,Damaged,75
Google,Pixel 9 Pro XL,128GB,Brand New,290
Google,Pixel 9 Pro XL,128GB,Excellent,275
Google,Pixel 9 Pro XL,128GB,Good,235
Google,Pixel 9 Pro XL,128GB,Damaged,75
Google,Pixel 9 Pro XL,256GB,Brand New,310
Google,Pixel 9 Pro XL,256GB,Excellent,295
Google,Pixel 9 Pro XL,256GB,Good,250
Google,Pixel 9 Pro XL,256GB,Damaged,80
Google,Pixel 9 Pro XL,512GB,Brand New,335
Google,Pixel 9 Pro XL,512GB,Excellent,315
Google,Pixel 9 Pro XL,512GB,Good,265
Google,Pixel 9 Pro XL,512GB,Damaged,85
Google,Pixel 9 Pro XL,1TB,Brand New,350
Google,Pixel 9 Pro XL,1TB,Excellent,335
Google,Pixel 9 Pro XL,1TB,Good,285
Google,Pixel 9 Pro XL,1TB,Damaged,90
Google,Pixel 10,128GB,Brand New,245
Google,Pixel 10,128GB,Excellent,240
Google,Pixel 10,128GB,Good,190
Google,Pixel 10,128GB,Damaged,65
Google,Pixel 10,256GB,Brand New,265
Google,Pixel 10,256GB,Excellent,255
Google,Pixel 10,256GB,Good,210
Google,Pixel 10,256GB,Damaged,70
Google,Pixel 10 Pro,128GB,Brand New,330
Google,Pixel 10 Pro,128GB,Excellent,310
Google,Pixel 10 Pro,128GB,Good,265
Google,Pixel 10 Pro,128GB,Damaged,85
Google,Pixel 10 Pro,256GB,Brand New,355
Google,Pixel 10 Pro,256GB,Excellent,335
Google,Pixel 10 Pro,256GB,Good,290
Google,Pixel 10 Pro,256GB,Damaged,90
Google,Pixel 10 Pro,512GB,Brand New,395
Google,Pixel 10 Pro,512GB,Excellent,370
Google,Pixel 10 Pro,512GB,Good,325
Google,Pixel 10 Pro,512GB,Damaged,90
Google,Pixel 10 Pro,1TB,Brand New,430
Google,Pixel 10 Pro,1TB,Excellent,410
Google,Pixel 10 Pro,1TB,Good,355
Google,Pixel 10 Pro,1TB,Damaged,95
Google,Pixel 10 Pro Fold,256GB,Brand New,485
Google,Pixel 10 Pro Fold,256GB,Excellent,460
Google,Pixel 10 Pro Fold,256GB,Good,395
Google,Pixel 10 Pro Fold,256GB,Damaged,90
Google,Pixel 10 Pro Fold,512GB,Brand New,470
Google,Pixel 10 Pro Fold,512GB,Excellent,440
Google,Pixel 10 Pro Fold,512GB,Good,380
Google,Pixel 10 Pro Fold,512GB,Damaged,90
Google,Pixel 10 Pro Fold,1TB,Brand New,610
Google,Pixel 10 Pro Fold,1TB,Excellent,570
Google,Pixel 10 Pro Fold,1TB,Good,495
Google,Pixel 10 Pro Fold,1TB,Damaged,90
Google,Pixel 10 Pro XL,256GB,Brand New,390
Google,Pixel 10 Pro XL,256GB,Excellent,365
Google,Pixel 10 Pro XL,256GB,Good,320
Google,Pixel 10 Pro XL,256GB,Damaged,90
Google,Pixel 10 Pro XL,512GB,Brand New,425
Google,Pixel 10 Pro XL,512GB,Excellent,400
Google,Pixel 10 Pro XL,512GB,Good,350
Google,Pixel 10 Pro XL,512GB,Damaged,90
Google,Pixel 10 Pro XL,1TB,Brand New,525
Google,Pixel 10 Pro XL,1TB,Excellent,495
Google,Pixel 10 Pro XL,1TB,Good,430
Google,Pixel 10 Pro XL,1TB,Damaged,100
Google,Pixel 9a,128GB,Brand New,165
Google,Pixel 9a,128GB,Excellent,155
Google,Pixel 9a,128GB,Good,130
Google,Pixel 9a,128GB,Damaged,45
Google,Pixel 9a,256GB,Brand New,175
Google,Pixel 9a,256GB,Excellent,170
Google,Pixel 9a,256GB,Good,140
Google,Pixel 9a,256GB,Damaged,45
Google,Pixel 10a,128GB,Brand New,140
Google,Pixel 10a,128GB,Excellent,135
Google,Pixel 10a,128GB,Good,110
Google,Pixel 10a,128GB,Damaged,35
Google,Pixel 10a,256GB,Brand New,145
Google,Pixel 10a,256GB,Excellent,145
Google,Pixel 10a,256GB,Good,115
Google,Pixel 10a,256GB,Damaged,40
